InvoiceNo,StockCode,Description,Quantity,InvoiceDate,UnitPrice,CustomerID,Country
557748,23298,SPOTTY BUNTING,1,6/22/2011 12:32,4.95,14527,United Kingdom
557759,23298,SPOTTY BUNTING,3,6/22/2011 13:52,4.95,14156,EIRE
557763,23298,SPOTTY BUNTING,6,6/22/2011 14:10,4.95,17669,United Kingdom
557793,23298,SPOTTY BUNTING,3,6/22/2011 17:30,4.95,14998,United Kingdom
560239,23298,SPOTTY BUNTING,3,7/17/2011 11:50,4.95,13507,United Kingdom
560240,23298,SPOTTY BUNTING,3,7/17/2011 11:59,4.95,15716,United Kingdom
560244,23298,SPOTTY BUNTING,1,7/17/2011 12:14,4.95,16931,United Kingdom
560245,23298,SPOTTY BUNTING,1,7/17/2011 12:15,4.95,,Switzerland
560245,23298,SPOTTY BUNTING,1,7/17/2011 12:15,4.95,,Switzerland
560255,23298,SPOTTY BUNTING,2,7/17/2011 13:08,4.95,16054,United Kingdom
560258,23298,SPOTTY BUNTING,6,7/17/2011 13:26,4.95,13340,United Kingdom
560259,23298,SPOTTY BUNTING,3,7/17/2011 13:29,4.95,13654,United Kingdom
560261,23298,SPOTTY BUNTING,3,7/17/2011 13:35,4.95,12841,United Kingdom
560268,23298,SPOTTY BUNTING,9,7/17/2011 14:07,4.95,13880,United Kingdom
581492,23298,SPOTTY BUNTING,2,12/9/2011 10:03,10.79,,United Kingdom
581498,23298,SPOTTY BUNTING,1,12/9/2011 10:26,10.79,,United Kingdom
581578,23298,SPOTTY BUNTING,9,12/9/2011 12:16,4.95,12713,Germany
574657,23298,SPOTTY BUNTING,3,11/6/2011 11:43,4.95,13772,United Kingdom
574659,23298,SPOTTY BUNTING,2,11/6/2011 11:44,4.95,16942,United Kingdom
574663,23298,SPOTTY BUNTING,2,11/6/2011 12:04,4.95,13527,United Kingdom
574676,23298,SPOTTY BUNTING,2,11/6/2011 12:32,4.95,16243,United Kingdom
574684,23298,SPOTTY BUNTING,15,11/6/2011 12:56,4.15,17581,United Kingdom
574700,23298,SPOTTY BUNTING,2,11/6/2011 13:53,4.95,16033,United Kingdom
574707,23298,SPOTTY BUNTING,3,11/6/2011 14:08,4.95,17107,United Kingdom
577150,23298,SPOTTY BUNTING,11,11/18/2011 9:48,10.79,,United Kingdom
577158,23298,SPOTTY BUNTING,3,11/18/2011 9:58,4.95,16293,United Kingdom
577228,23298,SPOTTY BUNTING,1,11/18/2011 12:07,4.95,12391,Cyprus
577295,23298,SPOTTY BUNTING,3,11/18/2011 12:46,4.95,12682,France
556819,23298,SPOTTY BUNTING,9,6/15/2011 10:21,4.95,12682,France
556876,23298,SPOTTY BUNTING,2,6/15/2011 11:56,4.95,16241,United Kingdom
556882,23298,SPOTTY BUNTING,4,6/15/2011 12:21,4.95,14395,United Kingdom
556890,23298,SPOTTY BUNTING,15,6/15/2011 12:48,4.95,17581,United Kingdom
561869,23298,SPOTTY BUNTING,1,7/31/2011 11:38,4.95,16764,United Kingdom
561870,23298,SPOTTY BUNTING,3,7/31/2011 11:45,4.95,14911,EIRE
561874,23298,SPOTTY BUNTING,3,7/31/2011 12:02,4.95,16255,United Kingdom
561878,23298,SPOTTY BUNTING,2,7/31/2011 12:34,4.95,17388,United Kingdom
565411,23298,SPOTTY BUNTING,5,9/4/2011 11:22,4.95,13772,United Kingdom
565420,23298,SPOTTY BUNTING,2,9/4/2011 12:09,4.95,16326,United Kingdom
565432,23298,SPOTTY BUNTING,2,9/4/2011 13:16,4.95,16241,United Kingdom
565440,23298,SPOTTY BUNTING,3,9/4/2011 14:06,4.95,12709,Germany
561024,23298,SPOTTY BUNTING,6,7/24/2011 10:35,4.95,12916,United Kingdom
561025,23298,SPOTTY BUNTING,2,7/24/2011 10:37,4.95,16241,United Kingdom
561050,23298,SPOTTY BUNTING,3,7/24/2011 13:06,4.95,16558,United Kingdom
561058,23298,SPOTTY BUNTING,12,7/24/2011 13:26,4.95,17724,United Kingdom
576665,23298,SPOTTY BUNTING,5,11/16/2011 11:46,4.95,17841,United Kingdom
576857,23298,SPOTTY BUNTING,1,11/16/2011 15:52,4.95,12748,United Kingdom
576867,23298,SPOTTY BUNTING,3,11/16/2011 16:18,4.95,13012,United Kingdom
555523,23298,SPOTTY BUNTING,3,6/5/2011 11:36,4.95,12468,Germany
555527,23298,SPOTTY BUNTING,50,6/5/2011 11:44,4.15,14364,United Kingdom
555540,23298,SPOTTY BUNTING,2,6/5/2011 12:48,4.95,13668,United Kingdom
555556,23298,SPOTTY BUNTING,24,6/5/2011 14:04,4.95,15704,United Kingdom
555558,23298,SPOTTY BUNTING,2,6/5/2011 14:06,4.95,14159,United Kingdom
555562,23298,SPOTTY BUNTING,6,6/5/2011 14:45,4.95,17841,United Kingdom
555567,23298,SPOTTY BUNTING,6,6/5/2011 15:25,4.95,17050,United Kingdom
555573,23298,SPOTTY BUNTING,1,6/5/2011 15:46,4.95,15349,United Kingdom
555938,23298,SPOTTY BUNTING,6,6/8/2011 9:58,4.95,14257,United Kingdom
555942,23298,SPOTTY BUNTING,3,6/8/2011 10:14,4.95,15743,United Kingdom
555979,23298,SPOTTY BUNTING,6,6/8/2011 11:18,4.95,15039,United Kingdom
556009,23298,SPOTTY BUNTING,3,6/8/2011 11:37,4.95,18221,United Kingdom
556021,23298,SPOTTY BUNTING,18,6/8/2011 12:03,4.95,12921,United Kingdom
556041,23298,SPOTTY BUNTING,3,6/8/2011 12:44,4.95,17954,United Kingdom
556042,23298,SPOTTY BUNTING,10,6/8/2011 12:44,4.95,14367,United Kingdom
556072,23298,SPOTTY BUNTING,9,6/8/2011 14:57,4.95,16126,United Kingdom
556084,23298,SPOTTY BUNTING,6,6/8/2011 15:23,4.95,17491,United Kingdom
556107,23298,SPOTTY BUNTING,4,6/8/2011 17:09,4.95,17360,United Kingdom
556107,23298,SPOTTY BUNTING,2,6/8/2011 17:09,4.95,17360,United Kingdom
576059,23298,SPOTTY BUNTING,2,11/13/2011 15:19,4.95,15411,United Kingdom
557267,23298,SPOTTY BUNTING,2,6/19/2011 11:23,4.95,16805,United Kingdom
557268,23298,SPOTTY BUNTING,3,6/19/2011 11:26,4.95,13097,United Kingdom
557270,23298,SPOTTY BUNTING,2,6/19/2011 11:36,4.95,14162,United Kingdom
557271,23298,SPOTTY BUNTING,10,6/19/2011 11:41,4.95,17769,United Kingdom
557305,23298,SPOTTY BUNTING,1,6/19/2011 14:42,4.95,13568,United Kingdom
557305,23298,SPOTTY BUNTING,2,6/19/2011 14:42,4.95,13568,United Kingdom
557311,23298,SPOTTY BUNTING,2,6/19/2011 15:36,4.95,15700,United Kingdom
553420,23298,SPOTTY BUNTING,6,5/17/2011 10:14,4.95,17519,United Kingdom
553504,23298,SPOTTY BUNTING,3,5/17/2011 13:26,4.95,13310,United Kingdom
553522,23298,SPOTTY BUNTING,3,5/17/2011 14:43,4.95,15005,United Kingdom
553523,23298,SPOTTY BUNTING,1,5/17/2011 14:46,10.79,,United Kingdom
553540,23298,SPOTTY BUNTING,50,5/17/2011 15:32,4.15,17511,United Kingdom
553546,23298,SPOTTY BUNTING,50,5/17/2011 15:42,4.15,12415,Australia
553549,23298,SPOTTY BUNTING,1,5/17/2011 16:09,10.79,,United Kingdom
553553,23298,SPOTTY BUNTING,3,5/17/2011 16:32,4.95,16156,United Kingdom
553553,23298,SPOTTY BUNTING,12,5/17/2011 16:32,4.95,16156,United Kingdom
552867,23298,SPOTTY BUNTING,50,5/12/2011 8:36,4.15,15513,United Kingdom
552893,23298,SPOTTY BUNTING,20,5/12/2011 10:49,4.95,14421,United Kingdom
552946,23298,SPOTTY BUNTING,3,5/12/2011 11:50,4.95,12683,France
552949,23298,SPOTTY BUNTING,4,5/12/2011 12:01,4.95,16033,United Kingdom
552966,23298,SPOTTY BUNTING,3,5/12/2011 13:10,4.95,16057,United Kingdom
552990,23298,SPOTTY BUNTING,6,5/12/2011 15:17,4.95,17667,United Kingdom
553005,23298,SPOTTY BUNTING,1,5/12/2011 16:29,4.95,14651,United Kingdom
553012,23298,SPOTTY BUNTING,3,5/12/2011 18:13,4.95,17671,United Kingdom
553013,23298,SPOTTY BUNTING,1,5/12/2011 18:19,10.79,,United Kingdom
573385,23298,SPOTTY BUNTING,6,10/30/2011 14:21,4.95,13421,United Kingdom
572288,23298,SPOTTY BUNTING,4,10/23/2011 12:28,4.95,17377,United Kingdom
561242,23298,SPOTTY BUNTING,12,7/26/2011 11:05,4.95,16258,United Kingdom
561320,23298,SPOTTY BUNTING,3,7/26/2011 12:57,4.95,16942,United Kingdom
562517,23298,SPOTTY BUNTING,2,8/5/2011 12:27,4.95,15719,United Kingdom
562542,23298,SPOTTY BUNTING,6,8/5/2011 15:40,4.95,17377,United Kingdom
562549,23298,SPOTTY BUNTING,6,8/5/2011 16:10,4.95,17092,United Kingdom
562553,23298,SPOTTY BUNTING,5,8/5/2011 16:34,10.79,,United Kingdom
562558,23298,SPOTTY BUNTING,4,8/5/2011 16:43,4.95,13451,United Kingdom
570501,23298,SPOTTY BUNTING,6,10/11/2011 9:23,4.95,14857,United Kingdom
570592,23298,SPOTTY BUNTING,7,10/11/2011 11:37,10.79,,United Kingdom
570600,23298,SPOTTY BUNTING,3,10/11/2011 12:05,4.95,16076,United Kingdom
570649,23298,SPOTTY BUNTING,3,10/11/2011 13:12,4.95,17659,United Kingdom
555340,23298,SPOTTY BUNTING,6,6/2/2011 11:33,4.95,13334,United Kingdom
555351,23298,SPOTTY BUNTING,24,6/2/2011 12:37,4.95,13408,United Kingdom
555363,23298,SPOTTY BUNTING,1,6/2/2011 14:15,4.95,14453,United Kingdom
555397,23298,SPOTTY BUNTING,1,6/2/2011 17:26,10.79,,United Kingdom
579548,23298,SPOTTY BUNTING,3,11/30/2011 10:44,4.95,15073,United Kingdom
579558,23298,SPOTTY BUNTING,3,11/30/2011 11:24,4.95,14755,United Kingdom
579623,23298,SPOTTY BUNTING,3,11/30/2011 12:15,4.95,16062,United Kingdom
579779,23298,SPOTTY BUNTING,3,11/30/2011 15:16,4.95,17737,United Kingdom
579843,23298,SPOTTY BUNTING,36,11/30/2011 16:21,4.95,12921,United Kingdom
564630,23298,SPOTTY BUNTING,3,8/26/2011 11:53,4.95,13644,United Kingdom
564632,23298,SPOTTY BUNTING,6,8/26/2011 11:58,4.95,16556,United Kingdom
564634,23298,SPOTTY BUNTING,6,8/26/2011 12:36,4.95,14210,United Kingdom
564635,23298,SPOTTY BUNTING,3,8/26/2011 12:41,4.95,15615,United Kingdom
564643,23298,SPOTTY BUNTING,2,8/26/2011 13:25,4.95,15356,United Kingdom
564670,23298,SPOTTY BUNTING,3,8/26/2011 15:44,4.95,12683,France
566438,23298,SPOTTY BUNTING,2,9/12/2011 15:14,4.95,15996,United Kingdom
566446,23298,SPOTTY BUNTING,1,9/12/2011 15:40,10.79,,United Kingdom
C566467,23298,SPOTTY BUNTING,-8,9/12/2011 18:04,4.95,14688,United Kingdom
555012,23298,SPOTTY BUNTING,5,5/31/2011 10:43,4.95,16814,United Kingdom
555015,23298,SPOTTY BUNTING,3,5/31/2011 10:45,4.95,16558,United Kingdom
555016,23298,SPOTTY BUNTING,50,5/31/2011 11:09,4.15,13113,United Kingdom
555025,23298,SPOTTY BUNTING,3,5/31/2011 11:21,4.95,17648,United Kingdom
555076,23298,SPOTTY BUNTING,3,5/31/2011 12:11,4.95,13900,United Kingdom
555115,23298,SPOTTY BUNTING,6,5/31/2011 14:58,10.79,,United Kingdom
555125,23298,SPOTTY BUNTING,3,5/31/2011 15:26,4.95,13481,United Kingdom
555147,23298,SPOTTY BUNTING,6,5/31/2011 15:41,4.95,13505,Switzerland
555150,23298,SPOTTY BUNTING,1,5/31/2011 15:53,10.79,,United Kingdom
565835,23298,SPOTTY BUNTING,1,9/7/2011 11:32,4.95,14452,United Kingdom
565838,23298,SPOTTY BUNTING,3,9/7/2011 11:43,4.95,15071,United Kingdom
565853,23298,SPOTTY BUNTING,3,9/7/2011 13:19,4.95,13756,United Kingdom
565857,23298,SPOTTY BUNTING,9,9/7/2011 14:13,4.95,14911,EIRE
565916,23298,SPOTTY BUNTING,3,9/7/2011 16:00,4.95,14156,EIRE
565919,23298,SPOTTY BUNTING,2,9/7/2011 16:48,10.79,,United Kingdom
562955,23298,SPOTTY BUNTING,25,8/11/2011 10:14,10.79,,United Kingdom
562964,23298,SPOTTY BUNTING,6,8/11/2011 10:29,4.95,13488,United Kingdom
563078,23298,SPOTTY BUNTING,9,8/11/2011 16:30,4.95,15955,United Kingdom
563093,23298,SPOTTY BUNTING,1,8/11/2011 17:28,10.79,,United Kingdom
576911,23298,SPOTTY BUNTING,1,11/17/2011 10:01,4.95,17461,United Kingdom
577057,23298,SPOTTY BUNTING,1,11/17/2011 14:26,4.95,12748,United Kingdom
577057,23298,SPOTTY BUNTING,1,11/17/2011 14:26,4.95,12748,United Kingdom
577058,23298,SPOTTY BUNTING,1,11/17/2011 14:29,4.95,18122,United Kingdom
559937,23298,SPOTTY BUNTING,3,7/14/2011 10:11,4.95,13577,United Kingdom
559988,23298,SPOTTY BUNTING,6,7/14/2011 12:17,4.95,15402,United Kingdom
559993,23298,SPOTTY BUNTING,4,7/14/2011 12:42,4.95,14716,United Kingdom
560024,23298,SPOTTY BUNTING,2,7/14/2011 13:00,4.95,15005,United Kingdom
560033,23298,SPOTTY BUNTING,6,7/14/2011 13:28,4.95,12388,Australia
560034,23298,SPOTTY BUNTING,3,7/14/2011 13:35,4.95,13933,United Kingdom
560035,23298,SPOTTY BUNTING,6,7/14/2011 13:41,4.95,17706,United Kingdom
560049,23298,SPOTTY BUNTING,3,7/14/2011 15:03,4.95,14857,United Kingdom
560090,23298,SPOTTY BUNTING,4,7/14/2011 16:46,4.95,,United Kingdom
560102,23298,SPOTTY BUNTING,3,7/14/2011 18:28,4.95,13994,United Kingdom
556680,23298,SPOTTY BUNTING,6,6/14/2011 8:03,4.95,13971,United Kingdom
556721,23298,SPOTTY BUNTING,10,6/14/2011 11:23,4.95,15218,United Kingdom
556732,23298,SPOTTY BUNTING,4,6/14/2011 11:47,4.95,15039,United Kingdom
556784,23298,SPOTTY BUNTING,4,6/14/2011 13:15,4.95,14461,United Kingdom
570011,23298,SPOTTY BUNTING,3,10/7/2011 9:44,4.95,16477,United Kingdom
570087,23298,SPOTTY BUNTING,1,10/7/2011 11:26,10.79,,United Kingdom
570116,23298,SPOTTY BUNTING,3,10/7/2011 12:38,4.95,12856,United Kingdom
570167,23298,SPOTTY BUNTING,6,10/7/2011 14:04,4.95,15615,United Kingdom
555420,23298,SPOTTY BUNTING,12,6/3/2011 10:29,4.95,13458,United Kingdom
555474,23298,SPOTTY BUNTING,1,6/3/2011 12:07,4.95,,United Kingdom
555477,23298,SPOTTY BUNTING,3,6/3/2011 12:26,4.95,12359,Cyprus
555488,23298,SPOTTY BUNTING,4,6/3/2011 13:43,4.95,16942,United Kingdom
555494,23298,SPOTTY BUNTING,3,6/3/2011 14:33,4.95,15737,United Kingdom
555510,23298,SPOTTY BUNTING,2,6/3/2011 17:09,10.79,,United Kingdom
575298,23298,SPOTTY BUNTING,3,11/9/2011 12:29,4.95,17841,United Kingdom
575491,23298,SPOTTY BUNTING,2,11/9/2011 17:47,4.95,15531,United Kingdom
566249,23298,SPOTTY BUNTING,2,9/11/2011 12:09,4.95,13527,United Kingdom
566271,23298,SPOTTY BUNTING,3,9/11/2011 13:44,4.95,14250,United Kingdom
566279,23298,SPOTTY BUNTING,2,9/11/2011 14:09,4.95,14432,United Kingdom
566291,23298,SPOTTY BUNTING,2,9/11/2011 15:31,4.95,12965,United Kingdom
551963,23298,SPOTTY BUNTING,6,5/5/2011 12:52,4.95,13266,United Kingdom
551966,23298,SPOTTY BUNTING,2,5/5/2011 13:14,4.95,15356,United Kingdom
551982,23298,SPOTTY BUNTING,4,5/5/2011 13:56,4.95,15023,United Kingdom
551987,23298,SPOTTY BUNTING,1,5/5/2011 14:55,4.95,15005,United Kingdom
577476,23298,SPOTTY BUNTING,9,11/20/2011 11:31,4.95,12540,Spain
577478,23298,SPOTTY BUNTING,3,11/20/2011 11:33,4.95,15963,United Kingdom
577523,23298,SPOTTY BUNTING,3,11/20/2011 13:33,4.95,12597,Spain
562045,23298,SPOTTY BUNTING,3,8/2/2011 10:33,4.95,12644,Germany
562046,23298,SPOTTY BUNTING,6,8/2/2011 10:34,4.95,12378,Switzerland
562102,23298,SPOTTY BUNTING,12,8/2/2011 14:21,4.95,13089,United Kingdom
562112,23298,SPOTTY BUNTING,6,8/2/2011 15:53,4.95,18236,United Kingdom
562688,23298,SPOTTY BUNTING,4,8/8/2011 13:53,4.95,13869,United Kingdom
562715,23298,SPOTTY BUNTING,1,8/8/2011 15:34,10.79,,United Kingdom
562716,23298,SPOTTY BUNTING,24,8/8/2011 15:35,4.95,14257,United Kingdom
562718,23298,SPOTTY BUNTING,3,8/8/2011 16:07,4.95,18241,United Kingdom
574836,23298,SPOTTY BUNTING,3,11/7/2011 11:32,4.95,17623,United Kingdom
574863,23298,SPOTTY BUNTING,2,11/7/2011 12:29,4.95,15719,United Kingdom
574909,23298,SPOTTY BUNTING,2,11/7/2011 15:40,4.95,13673,United Kingdom
565461,23298,SPOTTY BUNTING,3,9/5/2011 9:34,4.95,18261,United Kingdom
565472,23298,SPOTTY BUNTING,2,9/5/2011 10:15,4.95,16255,United Kingdom
565598,23298,SPOTTY BUNTING,3,9/5/2011 14:30,4.95,14842,United Kingdom
565664,23298,SPOTTY BUNTING,8,9/5/2011 17:36,4.95,13211,United Kingdom
558909,23298,SPOTTY BUNTING,50,7/5/2011 9:10,4.15,13408,United Kingdom
558922,23298,SPOTTY BUNTING,3,7/5/2011 10:06,4.95,16782,United Kingdom
558970,23298,SPOTTY BUNTING,6,7/5/2011 11:10,4.95,18232,United Kingdom
559000,23298,SPOTTY BUNTING,2,7/5/2011 12:15,4.95,14099,United Kingdom
559009,23298,SPOTTY BUNTING,1,7/5/2011 12:47,4.95,15549,United Kingdom
559032,23298,SPOTTY BUNTING,50,7/5/2011 14:53,4.15,17511,United Kingdom
559038,23298,SPOTTY BUNTING,30,7/5/2011 15:31,10.79,,United Kingdom
577602,23298,SPOTTY BUNTING,6,11/21/2011 8:37,4.95,16139,United Kingdom
577613,23298,SPOTTY BUNTING,3,11/21/2011 10:02,4.95,14911,EIRE
577633,23298,SPOTTY BUNTING,12,11/21/2011 10:35,4.95,14194,United Kingdom
577730,23298,SPOTTY BUNTING,2,11/21/2011 12:59,4.95,17253,United Kingdom
577754,23298,SPOTTY BUNTING,150,11/21/2011 14:47,4.15,18139,United Kingdom
577782,23298,SPOTTY BUNTING,1,11/21/2011 16:17,4.95,16549,United Kingdom
560644,23298,SPOTTY BUNTING,3,7/20/2011 11:22,4.95,16271,United Kingdom
560689,23298,SPOTTY BUNTING,3,7/20/2011 11:55,4.95,15039,United Kingdom
560712,23298,SPOTTY BUNTING,1,7/20/2011 13:06,4.95,14456,United Kingdom
560713,23298,SPOTTY BUNTING,7,7/20/2011 13:09,4.95,16774,United Kingdom
560729,23298,SPOTTY BUNTING,150,7/20/2011 14:39,4.15,17511,United Kingdom
560736,23298,SPOTTY BUNTING,6,7/20/2011 15:33,4.95,15260,United Kingdom
560742,23298,SPOTTY BUNTING,6,7/20/2011 15:44,4.95,14755,United Kingdom
573904,23298,SPOTTY BUNTING,2,11/1/2011 14:54,4.95,14505,United Kingdom
573910,23298,SPOTTY BUNTING,6,11/1/2011 15:34,4.95,13969,United Kingdom
568399,23298,SPOTTY BUNTING,6,9/27/2011 10:26,4.95,16145,United Kingdom
568408,23298,SPOTTY BUNTING,4,9/27/2011 10:40,10.79,,United Kingdom
568553,23298,SPOTTY BUNTING,3,9/27/2011 15:17,4.95,15674,United Kingdom
552711,23298,SPOTTY BUNTING,3,5/11/2011 8:32,4.95,16143,United Kingdom
552723,23298,SPOTTY BUNTING,12,5/11/2011 10:18,4.95,16229,United Kingdom
552769,23298,SPOTTY BUNTING,2,5/11/2011 11:47,4.95,16241,United Kingdom
552779,23298,SPOTTY BUNTING,3,5/11/2011 12:13,4.95,13013,United Kingdom
552817,23298,SPOTTY BUNTING,6,5/11/2011 12:47,4.95,13136,United Kingdom
552824,23298,SPOTTY BUNTING,3,5/11/2011 13:16,4.95,14056,United Kingdom
552835,23298,SPOTTY BUNTING,3,5/11/2011 14:17,4.95,17664,United Kingdom
552843,23298,SPOTTY BUNTING,1,5/11/2011 14:37,4.95,14649,United Kingdom
554139,23298,SPOTTY BUNTING,3,5/23/2011 10:34,4.95,14911,EIRE
554164,23298,SPOTTY BUNTING,9,5/23/2011 11:58,4.95,14364,United Kingdom
554261,23298,SPOTTY BUNTING,6,5/23/2011 12:32,4.95,16033,United Kingdom
554306,23298,SPOTTY BUNTING,21,5/23/2011 14:59,4.95,15734,United Kingdom
554310,23298,SPOTTY BUNTING,2,5/23/2011 15:25,10.79,,United Kingdom
554323,23298,SPOTTY BUNTING,3,5/23/2011 15:33,4.95,16729,United Kingdom
554326,23298,SPOTTY BUNTING,2,5/23/2011 16:32,4.95,13737,United Kingdom
580610,23298,SPOTTY BUNTING,1,12/5/2011 11:48,10.79,,United Kingdom
580612,23298,SPOTTY BUNTING,2,12/5/2011 11:58,10.79,,United Kingdom
580647,23298,SPOTTY BUNTING,2,12/5/2011 13:14,4.95,14083,United Kingdom
580669,23298,SPOTTY BUNTING,18,12/5/2011 14:25,4.95,15159,United Kingdom
580677,23298,SPOTTY BUNTING,1,12/5/2011 14:40,4.95,16200,United Kingdom
580721,23298,SPOTTY BUNTING,3,12/5/2011 16:57,4.95,15274,United Kingdom
580729,23298,SPOTTY BUNTING,2,12/5/2011 17:24,10.79,,United Kingdom
571269,23298,SPOTTY BUNTING,1,10/16/2011 12:09,4.95,16243,United Kingdom
571295,23298,SPOTTY BUNTING,12,10/16/2011 16:12,4.95,14741,United Kingdom
569568,23298,SPOTTY BUNTING,3,10/5/2011 9:57,4.95,12700,France
569573,23298,SPOTTY BUNTING,50,10/5/2011 10:11,4.15,17511,United Kingdom
569629,23298,SPOTTY BUNTING,3,10/5/2011 11:37,4.95,15249,United Kingdom
569637,23298,SPOTTY BUNTING,3,10/5/2011 12:14,4.95,15757,United Kingdom
C569636,23298,SPOTTY BUNTING,-1,10/5/2011 12:14,4.95,12841,United Kingdom
569667,23298,SPOTTY BUNTING,3,10/5/2011 13:42,4.95,17521,United Kingdom
569672,23298,SPOTTY BUNTING,2,10/5/2011 13:58,4.95,17841,United Kingdom
569694,23298,SPOTTY BUNTING,3,10/5/2011 15:24,4.95,17735,United Kingdom
554543,23298,SPOTTY BUNTING,3,5/25/2011 9:18,4.95,16091,United Kingdom
554557,23298,SPOTTY BUNTING,3,5/25/2011 10:12,4.95,15804,United Kingdom
554561,23298,SPOTTY BUNTING,6,5/25/2011 10:35,4.95,13317,United Kingdom
554628,23298,SPOTTY BUNTING,4,5/25/2011 11:26,4.95,15039,United Kingdom
554671,23298,SPOTTY BUNTING,6,5/25/2011 15:47,4.95,14009,United Kingdom
554682,23298,SPOTTY BUNTING,3,5/25/2011 16:08,4.95,14085,United Kingdom
554697,23298,SPOTTY BUNTING,2,5/25/2011 17:31,4.95,14584,United Kingdom
566075,23298,SPOTTY BUNTING,3,9/9/2011 9:03,4.95,16173,United Kingdom
566079,23298,SPOTTY BUNTING,12,9/9/2011 9:52,4.95,17593,United Kingdom
566087,23298,SPOTTY BUNTING,9,9/9/2011 10:24,4.95,13319,United Kingdom
566164,23298,SPOTTY BUNTING,8,9/9/2011 11:56,10.79,,United Kingdom
566175,23298,SPOTTY BUNTING,3,9/9/2011 12:36,4.95,18237,United Kingdom
563944,23298,SPOTTY BUNTING,9,8/22/2011 10:08,4.95,17581,United Kingdom
564060,23298,SPOTTY BUNTING,3,8/22/2011 14:37,4.95,17073,United Kingdom
564062,23298,SPOTTY BUNTING,24,8/22/2011 14:41,4.95,17706,United Kingdom
564065,23298,SPOTTY BUNTING,6,8/22/2011 15:05,4.95,15150,United Kingdom
554977,23298,SPOTTY BUNTING,3,5/29/2011 11:03,4.95,16444,United Kingdom
554978,23298,SPOTTY BUNTING,6,5/29/2011 11:05,4.95,16889,United Kingdom
554993,23298,SPOTTY BUNTING,1,5/29/2011 14:13,4.95,17051,United Kingdom
554999,23298,SPOTTY BUNTING,1,5/29/2011 15:44,4.95,15547,United Kingdom
560299,23298,SPOTTY BUNTING,6,7/18/2011 10:28,4.95,17593,United Kingdom
560355,23298,SPOTTY BUNTING,2,7/18/2011 11:37,4.95,15906,United Kingdom
560356,23298,SPOTTY BUNTING,3,7/18/2011 11:41,4.95,16875,United Kingdom
560359,23298,SPOTTY BUNTING,2,7/18/2011 11:47,4.95,14159,United Kingdom
560381,23298,SPOTTY BUNTING,6,7/18/2011 12:42,4.95,14733,United Kingdom
560433,23298,SPOTTY BUNTING,2,7/18/2011 15:49,10.79,,United Kingdom
560434,23298,SPOTTY BUNTING,2,7/18/2011 15:56,10.79,,United Kingdom
560442,23298,SPOTTY BUNTING,6,7/18/2011 16:59,4.95,15860,United Kingdom
560445,23298,SPOTTY BUNTING,200,7/19/2011 9:08,4.15,14156,EIRE
560473,23298,SPOTTY BUNTING,6,7/19/2011 10:42,4.95,12431,Australia
560503,23298,SPOTTY BUNTING,6,7/19/2011 11:40,4.95,17682,United Kingdom
560504,23298,SPOTTY BUNTING,24,7/19/2011 11:47,4.95,13081,United Kingdom
560527,23298,SPOTTY BUNTING,8,7/19/2011 11:57,4.95,15727,United Kingdom
560535,23298,SPOTTY BUNTING,5,7/19/2011 12:13,4.95,13167,United Kingdom
560554,23298,SPOTTY BUNTING,10,7/19/2011 13:01,4.95,16232,United Kingdom
560566,23298,SPOTTY BUNTING,6,7/19/2011 13:45,4.95,12662,Germany
560567,23298,SPOTTY BUNTING,1,7/19/2011 13:57,10.79,,United Kingdom
560584,23298,SPOTTY BUNTING,1,7/19/2011 15:38,4.95,13827,United Kingdom
560598,23298,SPOTTY BUNTING,3,7/19/2011 17:02,4.95,17096,United Kingdom
564958,23298,SPOTTY BUNTING,15,8/31/2011 13:56,4.95,13089,United Kingdom
567375,23298,SPOTTY BUNTING,9,9/20/2011 9:45,4.95,14766,United Kingdom
567428,23298,SPOTTY BUNTING,6,9/20/2011 11:35,4.95,14911,EIRE
567460,23298,SPOTTY BUNTING,1,9/20/2011 12:30,4.95,15888,United Kingdom
567461,23298,SPOTTY BUNTING,8,9/20/2011 12:31,10.79,,United Kingdom
567505,23298,SPOTTY BUNTING,3,9/20/2011 14:34,4.95,12352,Norway
564083,23298,SPOTTY BUNTING,3,8/23/2011 8:54,4.95,17469,United Kingdom
564091,23298,SPOTTY BUNTING,6,8/23/2011 9:57,4.95,15804,United Kingdom
564096,23298,SPOTTY BUNTING,50,8/23/2011 10:36,4.15,16133,United Kingdom
564135,23298,SPOTTY BUNTING,3,8/23/2011 11:12,4.95,16550,United Kingdom
564167,23298,SPOTTY BUNTING,3,8/23/2011 13:50,4.95,17735,United Kingdom
564174,23298,SPOTTY BUNTING,3,8/23/2011 14:25,4.95,14191,United Kingdom
564190,23298,SPOTTY BUNTING,3,8/23/2011 16:01,4.95,16143,United Kingdom
556125,23298,SPOTTY BUNTING,12,6/9/2011 10:20,4.95,12947,United Kingdom
556184,23298,SPOTTY BUNTING,6,6/9/2011 11:39,4.95,16592,United Kingdom
556194,23298,SPOTTY BUNTING,9,6/9/2011 12:20,4.95,12483,Sweden
556216,23298,SPOTTY BUNTING,6,6/9/2011 14:15,4.95,15252,United Kingdom
556239,23298,SPOTTY BUNTING,6,6/9/2011 15:48,4.95,15712,United Kingdom
556263,23298,SPOTTY BUNTING,4,6/9/2011 18:41,4.95,13969,United Kingdom
556279,23298,SPOTTY BUNTING,6,6/9/2011 19:55,4.95,14562,United Kingdom
553205,23298,SPOTTY BUNTING,3,5/16/2011 8:13,4.95,15813,United Kingdom
553206,23298,SPOTTY BUNTING,12,5/16/2011 8:16,4.95,14156,EIRE
553218,23298,SPOTTY BUNTING,12,5/16/2011 9:54,4.95,13408,United Kingdom
553220,23298,SPOTTY BUNTING,12,5/16/2011 9:57,4.95,13319,United Kingdom
553225,23298,SPOTTY BUNTING,6,5/16/2011 10:41,4.95,16912,United Kingdom
553341,23298,SPOTTY BUNTING,3,5/16/2011 12:25,4.95,16293,United Kingdom
553347,23298,SPOTTY BUNTING,6,5/16/2011 12:59,4.95,14755,United Kingdom
553375,23298,SPOTTY BUNTING,6,5/16/2011 14:53,4.95,14911,EIRE
553387,23298,SPOTTY BUNTING,1,5/16/2011 16:33,10.79,,United Kingdom
553388,23298,SPOTTY BUNTING,3,5/16/2011 16:36,4.95,15910,United Kingdom
560974,23298,SPOTTY BUNTING,6,7/22/2011 11:55,4.95,14426,United Kingdom
560989,23298,SPOTTY BUNTING,18,7/22/2011 13:20,4.95,15704,United Kingdom
560997,23298,SPOTTY BUNTING,3,7/22/2011 13:59,4.95,12627,Germany
572185,23298,SPOTTY BUNTING,4,10/21/2011 10:52,10.79,,United Kingdom
572191,23298,SPOTTY BUNTING,5,10/21/2011 11:18,4.95,17377,United Kingdom
572219,23298,SPOTTY BUNTING,2,10/21/2011 13:17,4.95,17463,United Kingdom
571317,23298,SPOTTY BUNTING,2,10/17/2011 10:48,4.95,17377,United Kingdom
571409,23298,SPOTTY BUNTING,6,10/17/2011 12:25,4.95,14911,EIRE
571498,23298,SPOTTY BUNTING,10,10/17/2011 15:06,4.95,17841,United Kingdom
563253,23298,SPOTTY BUNTING,16,8/15/2011 12:04,4.95,15218,United Kingdom
563256,23298,SPOTTY BUNTING,3,8/15/2011 12:07,4.95,18143,United Kingdom
563300,23298,SPOTTY BUNTING,14,8/15/2011 12:57,4.95,16774,United Kingdom
559544,23298,SPOTTY BUNTING,1,7/10/2011 13:52,4.95,17126,United Kingdom
559547,23298,SPOTTY BUNTING,2,7/10/2011 15:12,4.95,17758,United Kingdom
559549,23298,SPOTTY BUNTING,3,7/10/2011 15:25,4.95,13230,United Kingdom
559202,23298,SPOTTY BUNTING,6,7/7/2011 10:40,4.95,13583,United Kingdom
559254,23298,SPOTTY BUNTING,2,7/7/2011 11:56,4.95,16814,United Kingdom
559256,23298,SPOTTY BUNTING,12,7/7/2011 12:10,4.95,15249,United Kingdom
559289,23298,SPOTTY BUNTING,3,7/7/2011 12:22,4.95,15719,United Kingdom
559306,23298,SPOTTY BUNTING,9,7/7/2011 13:02,4.95,18236,United Kingdom
559313,23298,SPOTTY BUNTING,6,7/7/2011 13:44,4.95,16325,United Kingdom
559315,23298,SPOTTY BUNTING,50,7/7/2011 13:52,4.15,13456,United Kingdom
559317,23298,SPOTTY BUNTING,3,7/7/2011 14:03,4.95,17611,United Kingdom
559338,23298,SPOTTY BUNTING,7,7/7/2011 16:30,10.79,,United Kingdom
559342,23298,SPOTTY BUNTING,6,7/7/2011 16:59,4.95,14493,United Kingdom
559359,23298,SPOTTY BUNTING,5,7/7/2011 19:18,4.95,14702,United Kingdom
553739,23298,SPOTTY BUNTING,6,5/19/2011 9:23,4.95,14895,United Kingdom
553741,23298,SPOTTY BUNTING,3,5/19/2011 9:37,4.95,12520,Germany
553747,23298,SPOTTY BUNTING,3,5/19/2011 9:47,4.95,13627,United Kingdom
553750,23298,SPOTTY BUNTING,3,5/19/2011 10:16,4.95,15660,United Kingdom
553858,23298,SPOTTY BUNTING,3,5/19/2011 13:35,4.95,,United Kingdom
553864,23298,SPOTTY BUNTING,2,5/19/2011 14:08,4.95,15862,United Kingdom
553872,23298,SPOTTY BUNTING,3,5/19/2011 14:35,4.95,13050,United Kingdom
553879,23298,SPOTTY BUNTING,6,5/19/2011 15:15,4.95,15791,United Kingdom
553887,23298,SPOTTY BUNTING,12,5/19/2011 16:04,4.95,17068,United Kingdom
553888,23298,SPOTTY BUNTING,6,5/19/2011 16:09,4.95,15201,United Kingdom
553890,23298,SPOTTY BUNTING,3,5/19/2011 16:32,10.79,,United Kingdom
553896,23298,SPOTTY BUNTING,6,5/19/2011 17:22,4.95,13887,United Kingdom
C553904,23298,SPOTTY BUNTING,-32,5/19/2011 18:10,4.95,13081,United Kingdom
553909,23298,SPOTTY BUNTING,3,5/19/2011 19:00,4.95,12951,United Kingdom
553912,23298,SPOTTY BUNTING,3,5/19/2011 19:32,4.95,15122,United Kingdom
566872,23298,SPOTTY BUNTING,6,9/15/2011 13:28,4.95,16729,United Kingdom
566912,23298,SPOTTY BUNTING,6,9/15/2011 14:05,4.95,14367,United Kingdom
566952,23298,SPOTTY BUNTING,1,9/15/2011 16:37,10.79,,United Kingdom
560829,23298,SPOTTY BUNTING,6,7/21/2011 12:00,4.95,17694,United Kingdom
560893,23298,SPOTTY BUNTING,3,7/21/2011 17:08,4.95,13804,United Kingdom
560896,23298,SPOTTY BUNTING,3,7/21/2011 17:26,4.95,15623,United Kingdom
560918,23298,SPOTTY BUNTING,9,7/21/2011 18:27,4.95,14849,United Kingdom
558642,23298,SPOTTY BUNTING,3,7/1/2011 9:47,4.95,17667,United Kingdom
558731,23298,SPOTTY BUNTING,3,7/1/2011 14:53,4.95,13285,United Kingdom
558740,23298,SPOTTY BUNTING,8,7/1/2011 15:39,4.95,16775,United Kingdom
568592,23298,SPOTTY BUNTING,3,9/28/2011 10:42,4.95,17469,United Kingdom
568659,23298,SPOTTY BUNTING,3,9/28/2011 12:28,4.95,13516,United Kingdom
568669,23298,SPOTTY BUNTING,6,9/28/2011 13:04,4.95,13488,United Kingdom
568680,23298,SPOTTY BUNTING,3,9/28/2011 14:10,4.95,18265,United Kingdom
558480,23298,SPOTTY BUNTING,3,6/30/2011 8:17,4.95,15271,United Kingdom
558484,23298,SPOTTY BUNTING,6,6/30/2011 10:09,4.95,14267,United Kingdom
C558521,23298,SPOTTY BUNTING,-2,6/30/2011 10:31,4.15,13113,United Kingdom
558536,23298,SPOTTY BUNTING,24,6/30/2011 12:06,4.95,12424,Australia
558556,23298,SPOTTY BUNTING,4,6/30/2011 13:14,4.95,17954,United Kingdom
558558,23298,SPOTTY BUNTING,4,6/30/2011 13:17,4.95,17841,United Kingdom
558563,23298,SPOTTY BUNTING,3,6/30/2011 13:43,4.95,14561,United Kingdom
558630,23298,SPOTTY BUNTING,6,6/30/2011 18:07,4.95,15615,United Kingdom
581001,23298,SPOTTY BUNTING,12,12/7/2011 8:07,4.95,12583,France
581130,23298,SPOTTY BUNTING,3,12/7/2011 12:49,4.95,18237,United Kingdom
567524,23298,SPOTTY BUNTING,3,9/21/2011 8:55,4.95,15696,United Kingdom
567612,23298,SPOTTY BUNTING,3,9/21/2011 11:48,4.95,17164,United Kingdom
567642,23298,SPOTTY BUNTING,1,9/21/2011 14:15,4.95,12409,Switzerland
C567643,23298,SPOTTY BUNTING,-1,9/21/2011 14:16,4.15,12409,Switzerland
567665,23298,SPOTTY BUNTING,2,9/21/2011 15:22,10.79,,United Kingdom
567666,23298,SPOTTY BUNTING,6,9/21/2011 15:23,4.95,12520,Germany
568241,23298,SPOTTY BUNTING,10,9/26/2011 12:10,4.95,15218,United Kingdom
568314,23298,SPOTTY BUNTING,2,9/26/2011 12:58,4.95,14387,United Kingdom
568316,23298,SPOTTY BUNTING,1,9/26/2011 13:21,4.95,16407,United Kingdom
568325,23298,SPOTTY BUNTING,3,9/26/2011 13:57,4.95,14667,United Kingdom
579900,23298,SPOTTY BUNTING,3,12/1/2011 8:34,4.95,15951,United Kingdom
579942,23298,SPOTTY BUNTING,3,12/1/2011 10:33,4.95,16145,United Kingdom
580005,23298,SPOTTY BUNTING,3,12/1/2011 11:38,4.95,16376,United Kingdom
580051,23298,SPOTTY BUNTING,9,12/1/2011 12:55,4.95,12963,United Kingdom
573426,23298,SPOTTY BUNTING,4,10/31/2011 10:17,10.79,,United Kingdom
554376,23298,SPOTTY BUNTING,3,5/24/2011 11:31,4.95,15719,United Kingdom
554424,23298,SPOTTY BUNTING,4,5/24/2011 12:14,4.95,14527,United Kingdom
554441,23298,SPOTTY BUNTING,6,5/24/2011 12:22,4.95,13213,United Kingdom
554465,23298,SPOTTY BUNTING,3,5/24/2011 12:36,4.95,13534,United Kingdom
554494,23298,SPOTTY BUNTING,3,5/24/2011 14:00,4.95,16327,United Kingdom
554511,23298,SPOTTY BUNTING,3,5/24/2011 15:52,4.95,,United Kingdom
554512,23298,SPOTTY BUNTING,1,5/24/2011 15:54,10.79,,United Kingdom
554514,23298,SPOTTY BUNTING,2,5/24/2011 15:58,10.79,,United Kingdom
554514,23298,SPOTTY BUNTING,4,5/24/2011 15:58,4.95,,United Kingdom
553042,23298,SPOTTY BUNTING,6,5/13/2011 9:01,4.95,15845,United Kingdom
553044,23298,SPOTTY BUNTING,12,5/13/2011 9:24,4.95,12682,France
553048,23298,SPOTTY BUNTING,6,5/13/2011 10:02,4.95,14291,United Kingdom
553141,23298,SPOTTY BUNTING,4,5/13/2011 13:01,4.95,15907,United Kingdom
553141,23298,SPOTTY BUNTING,7,5/13/2011 13:01,4.95,15907,United Kingdom
553144,23298,SPOTTY BUNTING,6,5/13/2011 13:29,4.95,17669,United Kingdom
553149,23298,SPOTTY BUNTING,12,5/13/2011 14:16,4.95,14226,United Kingdom
553156,23298,SPOTTY BUNTING,2,5/13/2011 14:58,4.95,17841,United Kingdom
553162,23298,SPOTTY BUNTING,2,5/13/2011 15:53,10.79,,United Kingdom
567170,23298,SPOTTY BUNTING,2,9/18/2011 12:40,4.95,13566,United Kingdom
567183,23298,SPOTTY BUNTING,2,9/18/2011 15:32,4.95,14769,United Kingdom
567186,23298,SPOTTY BUNTING,3,9/18/2011 16:04,4.95,17073,United Kingdom
559636,23298,SPOTTY BUNTING,3,7/11/2011 12:01,4.95,13058,United Kingdom
559640,23298,SPOTTY BUNTING,50,7/11/2011 12:30,4.15,15812,United Kingdom
559652,23298,SPOTTY BUNTING,3,7/11/2011 12:47,4.95,17164,United Kingdom
559673,23298,SPOTTY BUNTING,6,7/11/2011 14:10,4.95,13224,United Kingdom
559679,23298,SPOTTY BUNTING,3,7/11/2011 14:46,4.95,15265,United Kingdom
559697,23298,SPOTTY BUNTING,1,7/11/2011 17:03,4.95,15577,United Kingdom
565088,23298,SPOTTY BUNTING,3,9/1/2011 10:11,4.95,16145,United Kingdom
565124,23298,SPOTTY BUNTING,9,9/1/2011 12:09,4.95,12436,Norway
565129,23298,SPOTTY BUNTING,2,9/1/2011 12:41,4.95,15719,United Kingdom
565133,23298,SPOTTY BUNTING,6,9/1/2011 12:46,4.95,13458,United Kingdom
565207,23298,SPOTTY BUNTING,1,9/1/2011 16:46,4.95,16764,United Kingdom
578125,23298,SPOTTY BUNTING,50,11/23/2011 10:31,4.15,17511,United Kingdom
578187,23298,SPOTTY BUNTING,6,11/23/2011 11:40,4.95,14336,United Kingdom
578225,23298,SPOTTY BUNTING,3,11/23/2011 11:51,4.95,17700,United Kingdom
578254,23298,SPOTTY BUNTING,4,11/23/2011 12:52,4.95,17809,United Kingdom
578323,23298,SPOTTY BUNTING,1,11/23/2011 17:19,4.95,15743,United Kingdom
569403,23298,SPOTTY BUNTING,3,10/4/2011 9:02,4.95,13319,United Kingdom
569414,23298,SPOTTY BUNTING,20,10/4/2011 10:11,10.79,,United Kingdom
569462,23298,SPOTTY BUNTING,1,10/4/2011 11:36,4.95,17014,United Kingdom
569520,23298,SPOTTY BUNTING,3,10/4/2011 14:32,4.95,17667,United Kingdom
569536,23298,SPOTTY BUNTING,6,10/4/2011 15:44,4.95,13269,United Kingdom
581217,23298,SPOTTY BUNTING,2,12/8/2011 9:20,10.79,,United Kingdom
581401,23298,SPOTTY BUNTING,6,12/8/2011 13:43,4.95,17644,United Kingdom
581439,23298,SPOTTY BUNTING,1,12/8/2011 16:30,10.79,,United Kingdom
570255,23298,SPOTTY BUNTING,6,10/10/2011 9:41,4.95,17648,United Kingdom
570289,23298,SPOTTY BUNTING,2,10/10/2011 11:50,4.95,17377,United Kingdom
570292,23298,SPOTTY BUNTING,15,10/10/2011 11:59,4.95,13418,United Kingdom
570452,23298,SPOTTY BUNTING,3,10/10/2011 15:15,4.95,12427,Germany
580400,23298,SPOTTY BUNTING,3,12/4/2011 11:50,4.95,16561,United Kingdom
580500,23298,SPOTTY BUNTING,7,12/4/2011 12:52,4.95,17131,United Kingdom
580503,23298,SPOTTY BUNTING,1,12/4/2011 13:20,4.95,13956,United Kingdom
563745,23298,SPOTTY BUNTING,6,8/19/2011 9:38,4.95,15159,United Kingdom
563755,23298,SPOTTY BUNTING,3,8/19/2011 10:58,4.95,17612,United Kingdom
563756,23298,SPOTTY BUNTING,9,8/19/2011 11:08,4.95,12418,Switzerland
563833,23298,SPOTTY BUNTING,9,8/19/2011 12:49,4.95,14755,United Kingdom
563847,23298,SPOTTY BUNTING,6,8/19/2011 14:49,4.95,16139,United Kingdom
563854,23298,SPOTTY BUNTING,3,8/19/2011 15:24,4.95,12364,Belgium
558315,23298,SPOTTY BUNTING,3,6/28/2011 11:44,4.95,15065,United Kingdom
558341,23298,SPOTTY BUNTING,12,6/28/2011 14:20,4.95,14741,United Kingdom
558371,23298,SPOTTY BUNTING,24,6/28/2011 15:44,10.79,,United Kingdom
558372,23298,SPOTTY BUNTING,3,6/28/2011 15:47,4.95,16200,United Kingdom
559363,23298,SPOTTY BUNTING,3,7/8/2011 8:45,4.95,16091,United Kingdom
559371,23298,SPOTTY BUNTING,3,7/8/2011 10:20,4.95,14264,United Kingdom
559506,23298,SPOTTY BUNTING,1,7/8/2011 15:17,10.79,,United Kingdom
559510,23298,SPOTTY BUNTING,6,7/8/2011 15:29,4.95,14961,United Kingdom
555817,23298,SPOTTY BUNTING,3,6/7/2011 11:51,4.95,17091,United Kingdom
555844,23298,SPOTTY BUNTING,4,6/7/2011 13:10,4.95,14711,United Kingdom
555849,23298,SPOTTY BUNTING,6,6/7/2011 13:33,4.95,13266,United Kingdom
555850,23298,SPOTTY BUNTING,4,6/7/2011 13:35,4.95,16550,United Kingdom
564734,23298,SPOTTY BUNTING,3,8/28/2011 13:32,4.95,12484,Spain
558478,23298,SPOTTY BUNTING,5,6/29/2011 16:07,4.95,16775,United Kingdom
559057,23298,SPOTTY BUNTING,12,7/6/2011 9:46,4.95,13089,United Kingdom
559061,23298,SPOTTY BUNTING,3,7/6/2011 10:04,4.95,17220,United Kingdom
559068,23298,SPOTTY BUNTING,1,7/6/2011 10:41,4.95,17841,United Kingdom
559097,23298,SPOTTY BUNTING,6,7/6/2011 10:59,4.95,17562,United Kingdom
559157,23298,SPOTTY BUNTING,6,7/6/2011 15:53,4.95,13999,United Kingdom
559163,23298,SPOTTY BUNTING,1,7/6/2011 16:33,10.79,,United Kingdom
552530,23298,SPOTTY BUNTING,3,5/10/2011 8:58,4.95,13055,United Kingdom
552532,23298,SPOTTY BUNTING,6,5/10/2011 9:39,4.95,15615,United Kingdom
552543,23298,SPOTTY BUNTING,9,5/10/2011 10:22,4.95,12399,Belgium
552550,23298,SPOTTY BUNTING,50,5/10/2011 10:43,4.15,13881,United Kingdom
552558,23298,SPOTTY BUNTING,3,5/10/2011 11:33,4.95,14766,United Kingdom
552561,23298,SPOTTY BUNTING,9,5/10/2011 11:49,4.95,17581,United Kingdom
552571,23298,SPOTTY BUNTING,10,5/10/2011 12:08,4.95,14688,United Kingdom
552624,23298,SPOTTY BUNTING,5,5/10/2011 12:53,4.95,14505,United Kingdom
552638,23298,SPOTTY BUNTING,6,5/10/2011 13:00,4.95,17700,United Kingdom
552703,23298,SPOTTY BUNTING,1,5/10/2011 16:00,4.95,14462,United Kingdom
567211,23298,SPOTTY BUNTING,1,9/19/2011 11:02,4.95,14159,United Kingdom
567334,23298,SPOTTY BUNTING,3,9/19/2011 14:55,4.95,14911,EIRE
567341,23298,SPOTTY BUNTING,12,9/19/2011 15:04,4.95,14961,United Kingdom
580735,23298,SPOTTY BUNTING,3,12/6/2011 8:52,4.95,17728,United Kingdom
577844,23298,SPOTTY BUNTING,5,11/22/2011 10:41,10.79,,United Kingdom
578086,23298,SPOTTY BUNTING,18,11/22/2011 16:43,4.95,17519,United Kingdom
556463,23298,SPOTTY BUNTING,12,6/12/2011 10:47,4.95,12583,France
556471,23298,SPOTTY BUNTING,4,6/12/2011 11:47,4.95,16466,United Kingdom
556474,23298,SPOTTY BUNTING,1,6/12/2011 12:01,4.95,16007,United Kingdom
556484,23298,SPOTTY BUNTING,6,6/12/2011 13:17,4.95,16938,United Kingdom
563508,23298,SPOTTY BUNTING,6,8/17/2011 10:27,4.95,16133,United Kingdom
563550,23298,SPOTTY BUNTING,8,8/17/2011 12:50,4.95,14194,United Kingdom
563555,23298,SPOTTY BUNTING,6,8/17/2011 13:21,4.95,16755,United Kingdom
563558,23298,SPOTTY BUNTING,9,8/17/2011 13:40,4.95,14156,EIRE
563580,23298,SPOTTY BUNTING,1,8/17/2011 15:53,4.95,16706,United Kingdom
563588,23298,SPOTTY BUNTING,196,8/17/2011 19:15,4.15,17450,United Kingdom
558038,23298,SPOTTY BUNTING,3,6/24/2011 12:43,4.95,18219,United Kingdom
558058,23298,SPOTTY BUNTING,9,6/24/2011 15:00,4.95,14766,United Kingdom
578746,23298,SPOTTY BUNTING,9,11/25/2011 11:36,10.79,,United Kingdom
578786,23298,SPOTTY BUNTING,4,11/25/2011 12:02,4.95,13184,United Kingdom
578844,23298,SPOTTY BUNTING,1,11/25/2011 16:14,10.79,,United Kingdom
563209,23298,SPOTTY BUNTING,3,8/14/2011 12:23,4.95,13527,United Kingdom
C563224,23298,SPOTTY BUNTING,-1,8/14/2011 14:33,4.95,12409,Switzerland
563231,23298,SPOTTY BUNTING,1,8/14/2011 15:42,4.95,14658,United Kingdom
563613,23298,SPOTTY BUNTING,3,8/18/2011 8:49,4.95,12688,Israel
563680,23298,SPOTTY BUNTING,3,8/18/2011 12:06,4.95,18272,United Kingdom
563690,23298,SPOTTY BUNTING,6,8/18/2011 12:53,4.95,15152,United Kingdom
563694,23298,SPOTTY BUNTING,9,8/18/2011 13:16,4.95,14741,United Kingdom
563699,23298,SPOTTY BUNTING,6,8/18/2011 13:47,4.95,13381,United Kingdom
563709,23298,SPOTTY BUNTING,1,8/18/2011 15:17,4.95,15472,United Kingdom
556527,23298,SPOTTY BUNTING,2,6/13/2011 11:33,4.95,16205,United Kingdom
556575,23298,SPOTTY BUNTING,1,6/13/2011 13:44,4.95,17027,United Kingdom
556629,23298,SPOTTY BUNTING,9,6/13/2011 14:55,4.95,14841,United Kingdom
556630,23298,SPOTTY BUNTING,3,6/13/2011 14:59,4.95,13999,United Kingdom
556642,23298,SPOTTY BUNTING,4,6/13/2011 15:47,4.95,17236,United Kingdom
562576,23298,SPOTTY BUNTING,2,8/7/2011 13:08,4.95,15518,United Kingdom
562579,23298,SPOTTY BUNTING,10,8/7/2011 13:30,4.95,16950,United Kingdom
562581,23298,SPOTTY BUNTING,4,8/7/2011 13:43,4.95,15860,United Kingdom
562584,23298,SPOTTY BUNTING,4,8/7/2011 14:16,4.95,13752,United Kingdom
562593,23298,SPOTTY BUNTING,3,8/7/2011 15:43,4.95,16549,United Kingdom
557131,23298,SPOTTY BUNTING,12,6/17/2011 8:52,4.95,13456,United Kingdom
557153,23298,SPOTTY BUNTING,6,6/17/2011 11:07,4.95,13735,United Kingdom
557217,23298,SPOTTY BUNTING,3,6/17/2011 12:30,4.95,17426,United Kingdom
557226,23298,SPOTTY BUNTING,3,6/17/2011 13:39,4.95,15805,United Kingdom
557233,23298,SPOTTY BUNTING,2,6/17/2011 14:44,4.95,15356,United Kingdom
552254,23298,SPOTTY BUNTING,6,5/8/2011 10:21,4.95,16168,United Kingdom
552266,23298,SPOTTY BUNTING,9,5/8/2011 11:41,4.95,13975,United Kingdom
552269,23298,SPOTTY BUNTING,1,5/8/2011 11:52,4.95,16121,United Kingdom
552271,23298,SPOTTY BUNTING,5,5/8/2011 12:00,4.95,13069,United Kingdom
552281,23298,SPOTTY BUNTING,12,5/8/2011 12:42,4.95,15704,United Kingdom
552285,23298,SPOTTY BUNTING,1,5/8/2011 12:58,4.95,14684,United Kingdom
552286,23298,SPOTTY BUNTING,1,5/8/2011 13:07,4.95,16393,United Kingdom
552291,23298,SPOTTY BUNTING,6,5/8/2011 14:00,4.95,15421,United Kingdom
552316,23298,SPOTTY BUNTING,3,5/8/2011 16:11,4.95,15674,United Kingdom
552318,23298,SPOTTY BUNTING,2,5/8/2011 16:13,4.95,17231,United Kingdom
578347,23298,SPOTTY BUNTING,1,11/24/2011 9:26,10.79,,United Kingdom
578366,23298,SPOTTY BUNTING,3,11/24/2011 10:53,4.95,16173,United Kingdom
578626,23298,SPOTTY BUNTING,12,11/24/2011 15:38,4.95,12709,Germany
578678,23298,SPOTTY BUNTING,1,11/24/2011 19:59,4.95,17841,United Kingdom
572872,23298,SPOTTY BUNTING,2,10/26/2011 13:27,4.95,15320,United Kingdom
576383,23298,SPOTTY BUNTING,3,11/15/2011 9:31,4.95,12883,United Kingdom
576391,23298,SPOTTY BUNTING,6,11/15/2011 10:13,10.79,,United Kingdom
576626,23298,SPOTTY BUNTING,5,11/15/2011 17:26,4.95,12890,United Kingdom
553180,23298,SPOTTY BUNTING,2,5/15/2011 11:35,4.95,16466,United Kingdom
553183,23298,SPOTTY BUNTING,3,5/15/2011 12:31,4.95,16076,United Kingdom
553199,23298,SPOTTY BUNTING,3,5/15/2011 15:14,4.95,17758,United Kingdom
553203,23298,SPOTTY BUNTING,6,5/15/2011 16:10,4.95,14911,EIRE
579430,23298,SPOTTY BUNTING,1,11/29/2011 13:06,4.95,12748,United Kingdom
579458,23298,SPOTTY BUNTING,5,11/29/2011 14:38,4.95,16549,United Kingdom
579461,23298,SPOTTY BUNTING,3,11/29/2011 14:42,4.95,15615,United Kingdom
579462,23298,SPOTTY BUNTING,3,11/29/2011 14:43,4.95,13211,United Kingdom
563903,23298,SPOTTY BUNTING,3,8/21/2011 11:15,4.95,17068,United Kingdom
563906,23298,SPOTTY BUNTING,3,8/21/2011 11:50,4.95,14246,United Kingdom
563907,23298,SPOTTY BUNTING,12,8/21/2011 11:57,4.95,14733,United Kingdom
563917,23298,SPOTTY BUNTING,1,8/21/2011 13:46,4.95,14572,United Kingdom
563917,23298,SPOTTY BUNTING,4,8/21/2011 13:46,4.95,14572,United Kingdom
556415,23298,SPOTTY BUNTING,50,6/10/2011 12:19,4.15,12409,Switzerland
556425,23298,SPOTTY BUNTING,1,6/10/2011 12:51,4.95,14178,United Kingdom
563189,23298,SPOTTY BUNTING,3,8/12/2011 15:22,4.95,12682,France
563193,23298,SPOTTY BUNTING,2,8/12/2011 16:30,10.79,,United Kingdom
563195,23298,SPOTTY BUNTING,1,8/12/2011 16:36,10.79,,United Kingdom
557326,23298,SPOTTY BUNTING,4,6/20/2011 9:50,4.95,14194,United Kingdom
557431,23298,SPOTTY BUNTING,9,6/20/2011 12:37,4.95,18260,United Kingdom
572928,23298,SPOTTY BUNTING,6,10/27/2011 9:27,4.95,14623,United Kingdom
573029,23298,SPOTTY BUNTING,1,10/27/2011 13:33,4.95,14971,United Kingdom
573102,23298,SPOTTY BUNTING,6,10/27/2011 14:52,4.95,13266,United Kingdom
573112,23298,SPOTTY BUNTING,3,10/27/2011 15:33,4.95,16416,United Kingdom
568151,23298,SPOTTY BUNTING,6,9/25/2011 11:39,4.95,17506,United Kingdom
568156,23298,SPOTTY BUNTING,12,9/25/2011 12:16,4.95,14367,United Kingdom
568162,23298,SPOTTY BUNTING,4,9/25/2011 12:32,4.95,14194,United Kingdom
568165,23298,SPOTTY BUNTING,6,9/25/2011 12:42,4.95,17131,United Kingdom
568174,23298,SPOTTY BUNTING,1,9/25/2011 13:23,4.95,16261,United Kingdom
558750,23298,SPOTTY BUNTING,3,7/3/2011 10:47,4.95,18226,United Kingdom
558763,23298,SPOTTY BUNTING,4,7/3/2011 13:08,4.95,12841,United Kingdom
558766,23298,SPOTTY BUNTING,12,7/3/2011 13:24,4.95,14257,United Kingdom
557795,23298,SPOTTY BUNTING,50,6/23/2011 9:14,4.15,13881,United Kingdom
557798,23298,SPOTTY BUNTING,3,6/23/2011 9:38,4.95,16187,United Kingdom
557801,23298,SPOTTY BUNTING,6,6/23/2011 10:14,4.95,13319,United Kingdom
557848,23298,SPOTTY BUNTING,6,6/23/2011 10:52,4.95,15220,United Kingdom
557853,23298,SPOTTY BUNTING,12,6/23/2011 11:01,4.95,16258,United Kingdom
557864,23298,SPOTTY BUNTING,3,6/23/2011 12:19,4.95,15253,United Kingdom
557878,23298,SPOTTY BUNTING,10,6/23/2011 13:13,4.95,16940,United Kingdom
557886,23298,SPOTTY BUNTING,6,6/23/2011 13:39,4.95,17799,United Kingdom
557892,23298,SPOTTY BUNTING,4,6/23/2011 14:11,4.95,14534,United Kingdom
557938,23298,SPOTTY BUNTING,7,6/23/2011 15:35,4.95,,United Kingdom
557939,23298,SPOTTY BUNTING,3,6/23/2011 15:44,4.95,12697,Sweden
557951,23298,SPOTTY BUNTING,3,6/23/2011 17:53,4.95,14825,United Kingdom
557954,23298,SPOTTY BUNTING,4,6/23/2011 18:44,4.95,15023,United Kingdom
557956,23298,SPOTTY BUNTING,1,6/23/2011 19:20,4.95,18283,United Kingdom
566534,23298,SPOTTY BUNTING,14,9/13/2011 11:32,10.79,,United Kingdom
566554,23298,SPOTTY BUNTING,6,9/13/2011 11:39,4.95,13136,United Kingdom
566563,23298,SPOTTY BUNTING,6,9/13/2011 12:22,4.95,12909,United Kingdom
566571,23298,SPOTTY BUNTING,6,9/13/2011 12:49,4.95,17037,United Kingdom
566580,23298,SPOTTY BUNTING,6,9/13/2011 13:46,4.95,12822,United Kingdom
566600,23298,SPOTTY BUNTING,6,9/13/2011 15:41,4.95,13704,United Kingdom
566612,23298,SPOTTY BUNTING,7,9/13/2011 17:16,4.95,16229,United Kingdom
565928,23298,SPOTTY BUNTING,3,9/8/2011 10:09,4.95,,EIRE
565995,23298,SPOTTY BUNTING,2,9/8/2011 11:48,4.95,16076,United Kingdom
566073,23298,SPOTTY BUNTING,4,9/8/2011 19:58,4.95,14562,United Kingdom
552330,23298,SPOTTY BUNTING,6,5/9/2011 10:13,4.95,12948,United Kingdom
552333,23298,SPOTTY BUNTING,2,5/9/2011 10:38,4.95,15039,United Kingdom
552336,23298,SPOTTY BUNTING,3,5/9/2011 11:26,4.95,15159,United Kingdom
552353,23298,SPOTTY BUNTING,3,5/9/2011 12:14,4.95,17612,United Kingdom
552357,23298,SPOTTY BUNTING,3,5/9/2011 12:16,4.95,18219,United Kingdom
552364,23298,SPOTTY BUNTING,3,5/9/2011 12:25,4.95,13004,United Kingdom
552410,23298,SPOTTY BUNTING,2,5/9/2011 12:40,4.95,14527,United Kingdom
552442,23298,SPOTTY BUNTING,3,5/9/2011 13:03,4.95,14667,United Kingdom
552445,23298,SPOTTY BUNTING,3,5/9/2011 13:27,4.95,16839,United Kingdom
552457,23298,SPOTTY BUNTING,3,5/9/2011 14:40,4.95,16477,United Kingdom
552465,23298,SPOTTY BUNTING,2,5/9/2011 15:17,4.95,16242,United Kingdom
552508,23298,SPOTTY BUNTING,2,5/9/2011 16:27,10.79,,United Kingdom
564432,23298,SPOTTY BUNTING,3,8/25/2011 11:40,4.95,13517,United Kingdom
564433,23298,SPOTTY BUNTING,3,8/25/2011 11:46,4.95,16503,United Kingdom
564436,23298,SPOTTY BUNTING,1,8/25/2011 12:06,4.95,17841,United Kingdom
564440,23298,SPOTTY BUNTING,3,8/25/2011 12:13,4.95,13928,United Kingdom
564479,23298,SPOTTY BUNTING,3,8/25/2011 13:12,4.95,12682,France
564489,23298,SPOTTY BUNTING,6,8/25/2011 14:13,4.95,15950,United Kingdom
564526,23298,SPOTTY BUNTING,6,8/25/2011 14:50,4.95,15805,United Kingdom
569220,23298,SPOTTY BUNTING,2,10/2/2011 13:26,4.95,16007,United Kingdom
569224,23298,SPOTTY BUNTING,2,10/2/2011 14:00,4.95,15701,United Kingdom
569236,23298,SPOTTY BUNTING,4,10/2/2011 15:49,4.95,14432,United Kingdom
565730,23298,SPOTTY BUNTING,2,9/6/2011 12:02,4.95,14715,United Kingdom
565767,23298,SPOTTY BUNTING,17,9/6/2011 14:28,10.79,,United Kingdom
562771,23298,SPOTTY BUNTING,50,8/9/2011 12:00,4.15,13113,United Kingdom
562772,23298,SPOTTY BUNTING,4,8/9/2011 12:07,4.95,13097,United Kingdom
562779,23298,SPOTTY BUNTING,1,8/9/2011 12:58,4.95,17841,United Kingdom
562784,23298,SPOTTY BUNTING,2,8/9/2011 13:22,4.95,16791,United Kingdom
562809,23298,SPOTTY BUNTING,5,8/9/2011 15:12,4.95,16775,United Kingdom
562838,23298,SPOTTY BUNTING,3,8/9/2011 15:59,4.95,13162,United Kingdom
562843,23298,SPOTTY BUNTING,3,8/9/2011 17:37,10.79,,United Kingdom
562128,23298,SPOTTY BUNTING,3,8/3/2011 9:07,4.95,16150,United Kingdom
562158,23298,SPOTTY BUNTING,3,8/3/2011 11:45,4.95,15039,United Kingdom
562161,23298,SPOTTY BUNTING,2,8/3/2011 11:58,4.95,17841,United Kingdom
562201,23298,SPOTTY BUNTING,1,8/3/2011 12:31,4.95,14527,United Kingdom
562263,23298,SPOTTY BUNTING,1,8/3/2011 15:45,4.95,17514,United Kingdom
562264,23298,SPOTTY BUNTING,2,8/3/2011 16:14,10.79,,United Kingdom
560185,23298,SPOTTY BUNTING,12,7/15/2011 11:50,4.95,14676,United Kingdom
563370,23298,SPOTTY BUNTING,3,8/16/2011 9:34,4.95,16153,United Kingdom
563444,23298,SPOTTY BUNTING,7,8/16/2011 13:50,4.95,16033,United Kingdom
565231,23298,SPOTTY BUNTING,1,9/2/2011 9:26,10.79,,United Kingdom
565287,23298,SPOTTY BUNTING,9,9/2/2011 11:42,4.95,12483,Sweden
565378,23298,SPOTTY BUNTING,15,9/2/2011 15:16,10.79,,United Kingdom
569716,23298,SPOTTY BUNTING,3,10/6/2011 8:17,4.95,15804,United Kingdom
569722,23298,SPOTTY BUNTING,3,10/6/2011 9:31,4.95,12431,Australia
569823,23298,SPOTTY BUNTING,2,10/6/2011 12:15,4.95,16895,United Kingdom
569823,23298,SPOTTY BUNTING,1,10/6/2011 12:15,4.95,16895,United Kingdom
569838,23298,SPOTTY BUNTING,3,10/6/2011 13:20,4.95,13504,United Kingdom
569897,23298,SPOTTY BUNTING,1,10/6/2011 16:01,4.95,17813,United Kingdom
C569989,23298,SPOTTY BUNTING,-4,10/6/2011 20:08,4.95,16839,United Kingdom
554699,23298,SPOTTY BUNTING,3,5/26/2011 9:17,4.95,12613,Germany
554795,23298,SPOTTY BUNTING,6,5/26/2011 12:46,4.95,14210,United Kingdom
554812,23298,SPOTTY BUNTING,4,5/26/2011 13:21,4.95,15005,United Kingdom
554816,23298,SPOTTY BUNTING,2,5/26/2011 14:01,4.95,17550,United Kingdom
554822,23298,SPOTTY BUNTING,3,5/26/2011 14:17,4.95,12937,United Kingdom
554838,23298,SPOTTY BUNTING,3,5/26/2011 16:30,4.95,18232,United Kingdom
554839,23298,SPOTTY BUNTING,6,5/26/2011 17:15,4.95,14056,United Kingdom
569242,23298,SPOTTY BUNTING,3,10/3/2011 9:34,4.95,14193,United Kingdom
569326,23298,SPOTTY BUNTING,6,10/3/2011 12:47,4.95,14360,United Kingdom
569357,23298,SPOTTY BUNTING,3,10/3/2011 14:52,4.95,15930,United Kingdom
569383,23298,SPOTTY BUNTING,9,10/3/2011 16:46,4.95,15159,United Kingdom
571551,23298,SPOTTY BUNTING,3,10/18/2011 8:28,4.95,15637,United Kingdom
571556,23298,SPOTTY BUNTING,3,10/18/2011 9:24,4.95,12662,Germany
571670,23298,SPOTTY BUNTING,3,10/18/2011 13:12,4.95,12611,Italy
571682,23298,SPOTTY BUNTING,2,10/18/2011 14:00,4.95,14179,United Kingdom
571712,23298,SPOTTY BUNTING,7,10/18/2011 16:46,4.95,14056,United Kingdom
571716,23298,SPOTTY BUNTING,1,10/18/2011 17:05,10.79,,United Kingdom
571746,23298,SPOTTY BUNTING,3,10/19/2011 10:56,4.95,17043,United Kingdom
571828,23298,SPOTTY BUNTING,2,10/19/2011 11:52,4.95,16440,United Kingdom
571846,23298,SPOTTY BUNTING,1,10/19/2011 12:35,4.95,17841,United Kingdom
567024,23298,SPOTTY BUNTING,11,9/16/2011 11:23,10.79,,United Kingdom
567085,23298,SPOTTY BUNTING,3,9/16/2011 12:38,4.95,12434,Australia
567128,23298,SPOTTY BUNTING,2,9/16/2011 14:04,4.95,18055,United Kingdom
567145,23298,SPOTTY BUNTING,12,9/16/2011 15:09,4.95,12921,United Kingdom
567154,23298,SPOTTY BUNTING,4,9/16/2011 16:29,4.95,15523,United Kingdom
574076,23298,SPOTTY BUNTING,1,11/2/2011 15:38,10.79,,United Kingdom
555257,23298,SPOTTY BUNTING,5,6/1/2011 15:28,4.95,17596,United Kingdom
C555262,23298,SPOTTY BUNTING,-3,6/1/2011 15:39,4.95,12909,United Kingdom
555275,23298,SPOTTY BUNTING,1,6/1/2011 17:18,10.79,,United Kingdom
555276,23298,SPOTTY BUNTING,1,6/1/2011 17:28,10.79,,United Kingdom
554066,23298,SPOTTY BUNTING,8,5/22/2011 10:40,4.95,12916,United Kingdom
554070,23298,SPOTTY BUNTING,8,5/22/2011 11:06,4.95,13555,United Kingdom
554071,23298,SPOTTY BUNTING,4,5/22/2011 11:17,4.95,13113,United Kingdom
554079,23298,SPOTTY BUNTING,1,5/22/2011 11:41,4.95,14546,United Kingdom
554084,23298,SPOTTY BUNTING,3,5/22/2011 11:52,4.95,12909,United Kingdom
554089,23298,SPOTTY BUNTING,4,5/22/2011 12:16,4.95,13527,United Kingdom
554098,23298,SPOTTY BUNTING,4,5/22/2011 13:01,4.95,14769,United Kingdom
554098,23298,SPOTTY BUNTING,4,5/22/2011 13:01,4.95,14769,United Kingdom
554098,23298,SPOTTY BUNTING,1,5/22/2011 13:01,4.95,14769,United Kingdom
554099,23298,SPOTTY BUNTING,6,5/22/2011 13:20,4.95,16341,United Kingdom
554105,23298,SPOTTY BUNTING,1,5/22/2011 14:04,4.95,14711,United Kingdom
554118,23298,SPOTTY BUNTING,3,5/22/2011 15:26,4.95,16592,United Kingdom
570883,23298,SPOTTY BUNTING,3,10/13/2011 9:55,4.95,13477,United Kingdom
570983,23298,SPOTTY BUNTING,4,10/13/2011 11:57,4.95,14963,United Kingdom
571017,23298,SPOTTY BUNTING,6,10/13/2011 12:17,4.95,15116,United Kingdom
571044,23298,SPOTTY BUNTING,15,10/13/2011 13:24,4.95,14421,United Kingdom
559813,23298,SPOTTY BUNTING,3,7/12/2011 15:42,4.95,18272,United Kingdom
559821,23298,SPOTTY BUNTING,1,7/12/2011 17:09,4.95,16365,United Kingdom
553570,23298,SPOTTY BUNTING,6,5/18/2011 9:23,4.95,13756,United Kingdom
553575,23298,SPOTTY BUNTING,6,5/18/2011 10:08,4.95,18260,United Kingdom
553612,23298,SPOTTY BUNTING,3,5/18/2011 10:48,4.95,17556,United Kingdom
553655,23298,SPOTTY BUNTING,2,5/18/2011 11:14,4.95,16775,United Kingdom
553663,23298,SPOTTY BUNTING,1,5/18/2011 12:13,4.95,14527,United Kingdom
553670,23298,SPOTTY BUNTING,50,5/18/2011 12:28,4.15,14407,United Kingdom
553672,23298,SPOTTY BUNTING,3,5/18/2011 12:44,4.95,15811,United Kingdom
553707,23298,SPOTTY BUNTING,12,5/18/2011 15:26,4.95,16843,United Kingdom
574967,23298,SPOTTY BUNTING,7,11/8/2011 10:51,10.79,,United Kingdom
575003,23298,SPOTTY BUNTING,3,11/8/2011 11:09,4.95,15950,United Kingdom
575067,23298,SPOTTY BUNTING,9,11/8/2011 12:45,4.95,12583,France
575177,23298,SPOTTY BUNTING,1,11/8/2011 18:41,10.79,,United Kingdom
562847,23298,SPOTTY BUNTING,3,8/10/2011 9:34,4.95,16245,United Kingdom
562878,23298,SPOTTY BUNTING,3,8/10/2011 10:45,4.95,16241,United Kingdom
562885,23298,SPOTTY BUNTING,3,8/10/2011 11:30,4.95,14024,United Kingdom
562890,23298,SPOTTY BUNTING,6,8/10/2011 12:11,4.95,14191,United Kingdom
562914,23298,SPOTTY BUNTING,6,8/10/2011 13:25,4.95,16558,United Kingdom
562934,23298,SPOTTY BUNTING,1,8/10/2011 16:56,10.79,,United Kingdom
567697,23298,SPOTTY BUNTING,3,9/22/2011 8:41,4.95,16558,United Kingdom
567699,23298,SPOTTY BUNTING,3,9/22/2011 9:16,4.95,17466,United Kingdom
C567708,23298,SPOTTY BUNTING,-4,9/22/2011 9:53,4.95,15201,United Kingdom
567742,23298,SPOTTY BUNTING,4,9/22/2011 10:47,4.95,14261,United Kingdom
567792,23298,SPOTTY BUNTING,20,9/22/2011 11:40,4.15,17581,United Kingdom
567798,23298,SPOTTY BUNTING,12,9/22/2011 12:00,4.95,13089,United Kingdom
567805,23298,SPOTTY BUNTING,6,9/22/2011 12:15,4.95,12854,United Kingdom
567822,23298,SPOTTY BUNTING,6,9/22/2011 12:54,4.95,17644,United Kingdom
567866,23298,SPOTTY BUNTING,2,9/22/2011 14:13,4.95,16669,United Kingdom
567888,23298,SPOTTY BUNTING,12,9/22/2011 15:34,4.95,17079,United Kingdom
567901,23298,SPOTTY BUNTING,3,9/22/2011 16:28,10.79,,United Kingdom
567909,23298,SPOTTY BUNTING,6,9/22/2011 16:53,4.95,13012,United Kingdom
561395,23298,SPOTTY BUNTING,12,7/27/2011 10:29,4.95,13999,United Kingdom
561462,23298,SPOTTY BUNTING,30,7/27/2011 12:19,4.15,14088,United Kingdom
561515,23298,SPOTTY BUNTING,2,7/27/2011 15:16,10.79,,United Kingdom
558123,23298,SPOTTY BUNTING,3,6/27/2011 10:16,4.95,15834,United Kingdom
558196,23298,SPOTTY BUNTING,8,6/27/2011 12:38,4.95,16033,United Kingdom
558232,23298,SPOTTY BUNTING,1,6/27/2011 14:30,4.95,17841,United Kingdom
558235,23298,SPOTTY BUNTING,2,6/27/2011 14:41,4.95,16242,United Kingdom
572562,23298,SPOTTY BUNTING,3,10/25/2011 9:07,4.95,13481,United Kingdom
572568,23298,SPOTTY BUNTING,12,10/25/2011 10:31,4.95,14001,United Kingdom
572704,23298,SPOTTY BUNTING,4,10/25/2011 14:39,10.79,,United Kingdom
551858,23298,SPOTTY BUNTING,1,5/4/2011 15:33,4.95,18041,United Kingdom
575499,23298,SPOTTY BUNTING,12,11/10/2011 9:56,4.95,16003,United Kingdom
575504,23298,SPOTTY BUNTING,6,11/10/2011 10:29,4.95,14895,United Kingdom
575601,23298,SPOTTY BUNTING,1,11/10/2011 12:16,4.95,,United Kingdom
575602,23298,SPOTTY BUNTING,1,11/10/2011 12:27,4.95,17059,United Kingdom
575687,23298,SPOTTY BUNTING,21,11/10/2011 16:03,4.95,16126,United Kingdom
574336,23298,SPOTTY BUNTING,3,11/4/2011 9:52,4.95,12397,Belgium
574356,23298,SPOTTY BUNTING,6,11/4/2011 10:48,10.79,,United Kingdom
574444,23298,SPOTTY BUNTING,2,11/4/2011 11:41,4.95,18122,United Kingdom
574545,23298,SPOTTY BUNTING,6,11/4/2011 14:54,4.95,17084,United Kingdom
580305,23298,SPOTTY BUNTING,1,12/2/2011 14:26,4.95,12970,United Kingdom
580367,23298,SPOTTY BUNTING,1,12/2/2011 16:39,10.79,,United Kingdom
556954,23298,SPOTTY BUNTING,3,6/16/2011 8:38,4.95,15585,United Kingdom
556964,23298,SPOTTY BUNTING,3,6/16/2011 9:46,4.95,16145,United Kingdom
557007,23298,SPOTTY BUNTING,4,6/16/2011 11:30,4.95,12484,Spain
557070,23298,SPOTTY BUNTING,6,6/16/2011 15:28,4.95,14755,United Kingdom
557112,23298,SPOTTY BUNTING,2,6/16/2011 16:31,10.79,,United Kingdom
557125,23298,SPOTTY BUNTING,56,6/16/2011 18:40,4.15,17450,United Kingdom
557528,23298,SPOTTY BUNTING,3,6/21/2011 9:49,4.95,17159,United Kingdom
557595,23298,SPOTTY BUNTING,2,6/21/2011 11:19,4.95,15507,United Kingdom
557640,23298,SPOTTY BUNTING,15,6/21/2011 16:24,10.79,,United Kingdom
564201,23298,SPOTTY BUNTING,6,8/24/2011 8:09,4.95,12540,Spain
564227,23298,SPOTTY BUNTING,6,8/24/2011 10:19,4.95,15249,United Kingdom
564230,23298,SPOTTY BUNTING,48,8/24/2011 10:22,10.79,,United Kingdom
564305,23298,SPOTTY BUNTING,12,8/24/2011 12:20,4.95,14875,United Kingdom
564332,23298,SPOTTY BUNTING,50,8/24/2011 14:02,4.15,14407,United Kingdom
564337,23298,SPOTTY BUNTING,3,8/24/2011 14:40,4.95,12649,Germany
564351,23298,SPOTTY BUNTING,50,8/24/2011 14:59,4.15,13881,United Kingdom
564365,23298,SPOTTY BUNTING,3,8/24/2011 16:46,4.95,,United Kingdom
558774,23298,SPOTTY BUNTING,2,7/4/2011 10:17,10.79,,United Kingdom
558777,23298,SPOTTY BUNTING,2,7/4/2011 10:23,10.79,,United Kingdom
558868,23298,SPOTTY BUNTING,6,7/4/2011 12:47,4.95,13266,United Kingdom
558879,23298,SPOTTY BUNTING,9,7/4/2011 14:07,4.95,12921,United Kingdom
558904,23298,SPOTTY BUNTING,1,7/4/2011 16:18,10.79,,United Kingdom
576141,23298,SPOTTY BUNTING,3,11/14/2011 10:47,4.95,14911,EIRE
576191,23298,SPOTTY BUNTING,3,11/14/2011 11:54,4.95,17377,United Kingdom
576212,23298,SPOTTY BUNTING,1,11/14/2011 12:45,4.95,18082,United Kingdom
553919,23298,SPOTTY BUNTING,50,5/20/2011 8:41,4.15,17416,United Kingdom
553920,23298,SPOTTY BUNTING,12,5/20/2011 8:57,4.95,15955,United Kingdom
553922,23298,SPOTTY BUNTING,3,5/20/2011 9:24,4.95,17926,United Kingdom
553996,23298,SPOTTY BUNTING,6,5/20/2011 11:33,4.95,15220,United Kingdom
554009,23298,SPOTTY BUNTING,3,5/20/2011 12:38,4.95,12935,United Kingdom
554016,23298,SPOTTY BUNTING,4,5/20/2011 13:14,4.95,13243,United Kingdom
554028,23298,SPOTTY BUNTING,12,5/20/2011 13:43,4.95,15410,United Kingdom
554054,23298,SPOTTY BUNTING,10,5/20/2011 15:29,4.95,,United Kingdom
571119,23298,SPOTTY BUNTING,10,10/14/2011 9:04,10.79,,United Kingdom
571215,23298,SPOTTY BUNTING,9,10/14/2011 12:57,4.95,13810,Germany
571247,23298,SPOTTY BUNTING,12,10/14/2011 16:04,4.95,15826,United Kingdom
561774,23298,SPOTTY BUNTING,3,7/29/2011 12:41,4.95,16729,United Kingdom
561799,23298,SPOTTY BUNTING,3,7/29/2011 13:46,4.95,15776,United Kingdom
561804,23298,SPOTTY BUNTING,3,7/29/2011 14:40,4.95,14191,United Kingdom
561807,23298,SPOTTY BUNTING,6,7/29/2011 15:02,4.95,17491,United Kingdom
561815,23298,SPOTTY BUNTING,6,7/29/2011 15:42,4.95,14083,United Kingdom
561085,23298,SPOTTY BUNTING,12,7/25/2011 9:26,4.95,14367,United Kingdom
561098,23298,SPOTTY BUNTING,4,7/25/2011 10:56,4.95,14194,United Kingdom
561105,23298,SPOTTY BUNTING,12,7/25/2011 11:36,4.95,15218,United Kingdom
561113,23298,SPOTTY BUNTING,1,7/25/2011 12:09,4.95,17841,United Kingdom
561616,23298,SPOTTY BUNTING,6,7/28/2011 13:02,4.95,15023,United Kingdom
561617,23298,SPOTTY BUNTING,3,7/28/2011 13:05,4.95,18237,United Kingdom
561626,23298,SPOTTY BUNTING,2,7/28/2011 14:03,4.95,14898,United Kingdom
568788,23298,SPOTTY BUNTING,1,9/29/2011 9:23,4.95,17894,United Kingdom
568868,23298,SPOTTY BUNTING,3,9/29/2011 12:00,4.95,12957,United Kingdom
568876,23298,SPOTTY BUNTING,12,9/29/2011 12:24,4.95,13881,United Kingdom
568894,23298,SPOTTY BUNTING,5,9/29/2011 13:04,4.95,17528,United Kingdom
569001,23298,SPOTTY BUNTING,3,9/29/2011 17:52,4.95,12703,Germany
573274,23298,SPOTTY BUNTING,6,10/28/2011 13:10,10.79,,United Kingdom
573287,23298,SPOTTY BUNTING,4,10/28/2011 14:42,4.95,14194,United Kingdom
573300,23298,SPOTTY BUNTING,2,10/28/2011 16:10,4.95,16049,United Kingdom
564752,23298,SPOTTY BUNTING,21,8/30/2011 10:07,4.95,16126,United Kingdom
564756,23298,SPOTTY BUNTING,3,8/30/2011 10:33,10.79,,United Kingdom
564757,23298,SPOTTY BUNTING,12,8/30/2011 10:36,10.79,,United Kingdom
564758,23298,SPOTTY BUNTING,3,8/30/2011 10:39,10.79,,United Kingdom
564838,23298,SPOTTY BUNTING,1,8/30/2011 12:43,10.79,,United Kingdom
564840,23298,SPOTTY BUNTING,1,8/30/2011 12:49,10.79,,United Kingdom
569010,23298,SPOTTY BUNTING,200,9/30/2011 7:36,4.15,14156,EIRE
569105,23298,SPOTTY BUNTING,5,9/30/2011 12:35,4.95,16729,United Kingdom
569120,23298,SPOTTY BUNTING,3,9/30/2011 12:58,4.95,12583,France
569136,23298,SPOTTY BUNTING,5,9/30/2011 14:41,4.95,15834,United Kingdom
562276,23298,SPOTTY BUNTING,3,8/4/2011 10:23,4.95,17735,United Kingdom
562290,23298,SPOTTY BUNTING,3,8/4/2011 11:16,4.95,14825,United Kingdom
562346,23298,SPOTTY BUNTING,6,8/4/2011 12:14,4.95,16187,United Kingdom
562371,23298,SPOTTY BUNTING,15,8/4/2011 14:30,4.95,13709,United Kingdom
562372,23298,SPOTTY BUNTING,50,8/4/2011 14:33,4.15,16258,United Kingdom
562377,23298,SPOTTY BUNTING,4,8/4/2011 15:04,4.95,14535,United Kingdom
562416,23298,SPOTTY BUNTING,3,8/4/2011 16:31,4.95,13969,United Kingdom
562426,23298,SPOTTY BUNTING,3,8/4/2011 17:13,4.95,12748,United Kingdom
558089,23298,SPOTTY BUNTING,6,6/26/2011 12:36,4.95,13505,Switzerland
567973,23298,SPOTTY BUNTING,6,9/23/2011 10:17,4.95,13994,United Kingdom
567975,23298,SPOTTY BUNTING,6,9/23/2011 10:25,4.95,17416,United Kingdom
567981,23298,SPOTTY BUNTING,14,9/23/2011 11:22,10.79,,United Kingdom
568001,23298,SPOTTY BUNTING,24,9/23/2011 11:35,4.95,12540,Spain
568104,23298,SPOTTY BUNTING,2,9/23/2011 15:50,4.95,16485,United Kingdom
561915,23298,SPOTTY BUNTING,1,8/1/2011 11:23,4.95,14408,United Kingdom
561922,23298,SPOTTY BUNTING,2,8/1/2011 12:12,4.95,13167,United Kingdom
561933,23298,SPOTTY BUNTING,3,8/1/2011 12:56,4.95,12949,United Kingdom
562031,23298,SPOTTY BUNTING,1,8/1/2011 17:37,4.95,16984,United Kingdom
572023,23298,SPOTTY BUNTING,1,10/20/2011 11:03,4.95,17764,United Kingdom
572074,23298,SPOTTY BUNTING,4,10/20/2011 13:54,4.95,16284,United Kingdom
572103,23298,SPOTTY BUNTING,1,10/20/2011 15:57,4.95,17571,United Kingdom
572107,23298,SPOTTY BUNTING,3,10/20/2011 17:13,4.95,15836,United Kingdom
555594,23298,SPOTTY BUNTING,3,6/6/2011 10:09,4.95,13880,United Kingdom
555602,23298,SPOTTY BUNTING,6,6/6/2011 11:26,4.95,16235,United Kingdom
555644,23298,SPOTTY BUNTING,3,6/6/2011 13:24,4.95,16520,United Kingdom
555647,23298,SPOTTY BUNTING,3,6/6/2011 13:43,4.95,12957,United Kingdom
555654,23298,SPOTTY BUNTING,6,6/6/2011 14:13,4.95,18236,United Kingdom
552039,23298,SPOTTY BUNTING,50,5/6/2011 8:10,4.15,13081,United Kingdom
552058,23298,SPOTTY BUNTING,6,5/6/2011 10:36,4.95,15218,United Kingdom
552186,23298,SPOTTY BUNTING,9,5/6/2011 13:53,4.95,12921,United Kingdom
552231,23298,SPOTTY BUNTING,5,5/6/2011 15:47,4.95,17364,United Kingdom
552233,23298,SPOTTY BUNTING,9,5/6/2011 15:54,4.95,17068,United Kingdom
552239,23298,SPOTTY BUNTING,4,5/6/2011 16:54,4.95,14056,United Kingdom
554854,23298,SPOTTY BUNTING,6,5/27/2011 9:39,4.95,16369,United Kingdom
554860,23298,SPOTTY BUNTING,12,5/27/2011 10:20,4.95,15249,United Kingdom
554866,23298,SPOTTY BUNTING,3,5/27/2011 10:41,4.95,13488,United Kingdom
554941,23298,SPOTTY BUNTING,3,5/27/2011 13:53,4.95,16016,United Kingdom
575748,23298,SPOTTY BUNTING,15,11/11/2011 10:21,10.79,,United Kingdom
575751,23298,SPOTTY BUNTING,12,11/11/2011 10:32,4.95,14911,EIRE
575838,23298,SPOTTY BUNTING,3,11/11/2011 11:38,4.95,13999,United Kingdom
559863,23298,SPOTTY BUNTING,4,7/13/2011 10:33,4.95,15039,United Kingdom
559894,23298,SPOTTY BUNTING,2,7/13/2011 12:06,4.95,14159,United Kingdom
559896,23298,SPOTTY BUNTING,3,7/13/2011 12:15,4.95,15530,United Kingdom
559903,23298,SPOTTY BUNTING,6,7/13/2011 13:16,4.95,12935,United Kingdom
559909,23298,SPOTTY BUNTING,6,7/13/2011 14:28,4.95,18245,United Kingdom
559923,23298,SPOTTY BUNTING,2,7/13/2011 16:07,10.79,,United Kingdom
559923,23298,SPOTTY BUNTING,3,7/13/2011 16:07,4.95,,United Kingdom
574284,23298,SPOTTY BUNTING,3,11/3/2011 15:01,4.95,17644,United Kingdom
574313,23298,SPOTTY BUNTING,3,11/3/2011 17:45,4.95,13267,United Kingdom
