544182,22993,SET OF 4 PANTRY JELLY MOULDS,12,2/16/2011 15:13,1.25,18257,United Kingdom
544298,22993,SET OF 4 PANTRY JELLY MOULDS,36,2/17/2011 12:51,1.06,14298,United Kingdom
544303,22993,SET OF 4 PANTRY JELLY MOULDS,2,2/17/2011 13:28,1.25,18116,United Kingdom
544304,22993,SET OF 4 PANTRY JELLY MOULDS,3,2/17/2011 13:47,1.25,18125,United Kingdom
544311,22993,SET OF 4 PANTRY JELLY MOULDS,1,2/17/2011 14:19,1.25,17841,United Kingdom
544339,22993,SET OF 4 PANTRY JELLY MOULDS,12,2/18/2011 9:04,1.25,15228,United Kingdom
544393,22993,SET OF 4 PANTRY JELLY MOULDS,6,2/18/2011 11:56,1.25,16393,United Kingdom
544395,22993,SET OF 4 PANTRY JELLY MOULDS,24,2/18/2011 12:13,1.25,13397,United Kingdom
544409,22993,SET OF 4 PANTRY JELLY MOULDS,12,2/18/2011 13:32,1.25,16265,United Kingdom
544431,22993,SET OF 4 PANTRY JELLY MOULDS,1,2/18/2011 15:49,1.25,,United Kingdom
544445,22993,SET OF 4 PANTRY JELLY MOULDS,4,2/20/2011 10:56,1.25,16746,United Kingdom
544450,22993,SET OF 4 PANTRY JELLY MOULDS,3,2/20/2011 12:23,1.25,17811,United Kingdom
544459,22993,SET OF 4 PANTRY JELLY MOULDS,12,2/20/2011 13:52,1.25,17838,United Kingdom
544462,22993,SET OF 4 PANTRY JELLY MOULDS,1,2/20/2011 14:21,1.25,17050,United Kingdom
544462,22993,SET OF 4 PANTRY JELLY MOULDS,5,2/20/2011 14:21,1.25,17050,United Kingdom
544467,22993,SET OF 4 PANTRY JELLY MOULDS,1,2/20/2011 15:51,1.25,14502,United Kingdom
544476,22993,SET OF 4 PANTRY JELLY MOULDS,6,2/21/2011 9:58,1.25,14796,United Kingdom
544480,22993,SET OF 4 PANTRY JELLY MOULDS,72,2/21/2011 10:32,1.06,14646,Netherlands
544483,22993,SET OF 4 PANTRY JELLY MOULDS,72,2/21/2011 10:53,1.06,12524,Germany
544597,22993,SET OF 4 PANTRY JELLY MOULDS,5,2/21/2011 17:42,1.25,16014,United Kingdom
544598,22993,SET OF 4 PANTRY JELLY MOULDS,1,2/21/2011 18:10,2.5,,United Kingdom
544607,22993,SET OF 4 PANTRY JELLY MOULDS,12,2/22/2011 10:00,1.25,13862,United Kingdom
C544635,22993,SET OF 4 PANTRY JELLY MOULDS,-12,2/22/2011 11:04,1.25,18257,United Kingdom
544651,22993,SET OF 4 PANTRY JELLY MOULDS,72,2/22/2011 12:51,1.06,13694,United Kingdom
544657,22993,SET OF 4 PANTRY JELLY MOULDS,12,2/22/2011 13:08,1.25,14895,United Kingdom
544660,22993,SET OF 4 PANTRY JELLY MOULDS,12,2/22/2011 13:47,1.25,15078,United Kingdom
544667,22993,SET OF 4 PANTRY JELLY MOULDS,72,2/22/2011 15:09,1.06,17511,United Kingdom
544673,22993,SET OF 4 PANTRY JELLY MOULDS,6,2/22/2011 15:46,1.25,13421,United Kingdom
544684,22993,SET OF 4 PANTRY JELLY MOULDS,1,2/22/2011 16:32,2.5,,United Kingdom
544687,22993,SET OF 4 PANTRY JELLY MOULDS,1,2/22/2011 17:25,1.25,13184,United Kingdom
544701,22993,SET OF 4 PANTRY JELLY MOULDS,12,2/23/2011 10:27,1.25,17428,United Kingdom
544792,22993,SET OF 4 PANTRY JELLY MOULDS,12,2/23/2011 12:37,1.25,18172,United Kingdom
544811,22993,SET OF 4 PANTRY JELLY MOULDS,12,2/23/2011 15:53,1.25,12471,Germany
544812,22993,SET OF 4 PANTRY JELLY MOULDS,2,2/23/2011 15:58,2.5,,United Kingdom
544823,22993,SET OF 4 PANTRY JELLY MOULDS,24,2/24/2011 9:28,1.25,14004,United Kingdom
544824,22993,SET OF 4 PANTRY JELLY MOULDS,12,2/24/2011 9:32,1.25,17139,United Kingdom
544887,22993,SET OF 4 PANTRY JELLY MOULDS,4,2/24/2011 11:54,1.25,17364,United Kingdom
544898,22993,SET OF 4 PANTRY JELLY MOULDS,12,2/24/2011 12:27,1.25,14880,United Kingdom
544906,22993,SET OF 4 PANTRY JELLY MOULDS,24,2/24/2011 14:13,1.25,17017,United Kingdom
544918,22993,SET OF 4 PANTRY JELLY MOULDS,12,2/24/2011 16:30,1.25,13081,United Kingdom
544926,22993,SET OF 4 PANTRY JELLY MOULDS,12,2/24/2011 17:50,1.25,13468,United Kingdom
544928,22993,SET OF 4 PANTRY JELLY MOULDS,2,2/24/2011 18:07,2.5,,United Kingdom
544930,22993,SET OF 4 PANTRY JELLY MOULDS,1,2/24/2011 18:26,1.25,17472,United Kingdom
544945,22993,SET OF 4 PANTRY JELLY MOULDS,12,2/25/2011 10:53,1.25,17735,United Kingdom
545001,22993,SET OF 4 PANTRY JELLY MOULDS,12,2/25/2011 12:40,1.25,16841,United Kingdom
545066,22993,SET OF 4 PANTRY JELLY MOULDS,1,2/27/2011 14:44,1.25,13610,United Kingdom
545066,22993,SET OF 4 PANTRY JELLY MOULDS,1,2/27/2011 14:44,1.25,13610,United Kingdom
545078,22993,SET OF 4 PANTRY JELLY MOULDS,3,2/28/2011 10:15,2.5,,United Kingdom
545080,22993,SET OF 4 PANTRY JELLY MOULDS,12,2/28/2011 10:33,1.25,13004,United Kingdom
545085,22993,SET OF 4 PANTRY JELLY MOULDS,1,2/28/2011 11:19,1.25,15039,United Kingdom
545085,22993,SET OF 4 PANTRY JELLY MOULDS,1,2/28/2011 11:19,1.25,15039,United Kingdom
545166,22993,SET OF 4 PANTRY JELLY MOULDS,1,2/28/2011 14:03,1.25,17027,United Kingdom
545166,22993,SET OF 4 PANTRY JELLY MOULDS,2,2/28/2011 14:03,1.25,17027,United Kingdom
545188,22993,SET OF 4 PANTRY JELLY MOULDS,3,2/28/2011 15:19,1.25,14056,United Kingdom
545216,22993,SET OF 4 PANTRY JELLY MOULDS,1,2/28/2011 16:50,2.5,,United Kingdom
545217,22993,SET OF 4 PANTRY JELLY MOULDS,2,2/28/2011 16:59,2.5,,United Kingdom
545221,22993,SET OF 4 PANTRY JELLY MOULDS,12,3/1/2011 8:35,1.25,14740,United Kingdom
545231,22993,SET OF 4 PANTRY JELLY MOULDS,12,3/1/2011 10:08,1.25,15194,United Kingdom
545289,22993,SET OF 4 PANTRY JELLY MOULDS,12,3/1/2011 11:55,1.25,14732,United Kingdom
545308,22993,SET OF 4 PANTRY JELLY MOULDS,1,3/1/2011 13:19,1.25,14656,United Kingdom
545349,22993,SET OF 4 PANTRY JELLY MOULDS,1,3/2/2011 11:07,1.25,18118,United Kingdom
545411,22993,SET OF 4 PANTRY JELLY MOULDS,12,3/2/2011 12:21,1.25,16128,United Kingdom
545447,22993,SET OF 4 PANTRY JELLY MOULDS,12,3/2/2011 16:34,1.25,17426,United Kingdom
545464,22993,SET OF 4 PANTRY JELLY MOULDS,2,3/3/2011 9:10,2.5,,United Kingdom
545469,22993,SET OF 4 PANTRY JELLY MOULDS,12,3/3/2011 10:09,1.25,17646,United Kingdom
545475,22993,SET OF 4 PANTRY JELLY MOULDS,144,3/3/2011 10:59,1.06,12415,Australia
545522,22993,SET OF 4 PANTRY JELLY MOULDS,12,3/3/2011 12:35,1.25,15596,United Kingdom
545536,22993,SET OF 4 PANTRY JELLY MOULDS,12,3/3/2011 14:12,1.25,12417,Belgium
545544,22993,SET OF 4 PANTRY JELLY MOULDS,12,3/3/2011 14:56,1.25,14057,United Kingdom
545555,22993,SET OF 4 PANTRY JELLY MOULDS,2,3/3/2011 15:17,1.25,17757,United Kingdom
545559,22993,SET OF 4 PANTRY JELLY MOULDS,1,3/3/2011 15:31,1.25,15005,United Kingdom
545559,22993,SET OF 4 PANTRY JELLY MOULDS,1,3/3/2011 15:31,1.25,15005,United Kingdom
545568,22993,SET OF 4 PANTRY JELLY MOULDS,2,3/3/2011 16:22,2.46,,United Kingdom
545580,22993,SET OF 4 PANTRY JELLY MOULDS,12,3/4/2011 8:43,1.25,13931,United Kingdom
545592,22993,SET OF 4 PANTRY JELLY MOULDS,12,3/4/2011 10:30,1.25,17581,United Kingdom
545662,22993,SET OF 4 PANTRY JELLY MOULDS,12,3/4/2011 14:42,1.25,15358,United Kingdom
545667,22993,SET OF 4 PANTRY JELLY MOULDS,3,3/4/2011 16:07,2.46,,United Kingdom
545675,22993,SET OF 4 PANTRY JELLY MOULDS,12,3/6/2011 10:26,1.25,18223,United Kingdom
545685,22993,SET OF 4 PANTRY JELLY MOULDS,2,3/6/2011 11:55,1.25,14499,United Kingdom
545687,22993,SET OF 4 PANTRY JELLY MOULDS,2,3/6/2011 12:20,1.25,17769,United Kingdom
545688,22993,SET OF 4 PANTRY JELLY MOULDS,2,3/6/2011 12:42,1.25,16033,United Kingdom
545695,22993,SET OF 4 PANTRY JELLY MOULDS,12,3/6/2011 14:15,1.25,17050,United Kingdom
545695,22993,SET OF 4 PANTRY JELLY MOULDS,12,3/6/2011 14:15,1.25,17050,United Kingdom
545719,22993,SET OF 4 PANTRY JELLY MOULDS,12,3/7/2011 10:28,1.25,13344,United Kingdom
545759,22993,SET OF 4 PANTRY JELLY MOULDS,12,3/7/2011 11:56,1.25,16316,United Kingdom
545842,22993,SET OF 4 PANTRY JELLY MOULDS,12,3/7/2011 13:37,1.25,15498,United Kingdom
545854,22993,SET OF 4 PANTRY JELLY MOULDS,12,3/7/2011 13:51,1.25,14817,United Kingdom
545868,22993,SET OF 4 PANTRY JELLY MOULDS,2,3/7/2011 14:33,1.25,17841,United Kingdom
545874,22993,SET OF 4 PANTRY JELLY MOULDS,3,3/7/2011 15:02,1.25,12841,United Kingdom
545895,22993,SET OF 4 PANTRY JELLY MOULDS,10,3/7/2011 17:14,2.46,,United Kingdom
545897,22993,SET OF 4 PANTRY JELLY MOULDS,13,3/7/2011 17:22,2.46,,United Kingdom
545897,22993,SET OF 4 PANTRY JELLY MOULDS,6,3/7/2011 17:22,1.25,,United Kingdom
545906,22993,SET OF 4 PANTRY JELLY MOULDS,12,3/8/2011 9:23,1.25,15764,United Kingdom
545928,22993,SET OF 4 PANTRY JELLY MOULDS,12,3/8/2011 11:59,1.25,14407,United Kingdom
545978,22993,SET OF 4 PANTRY JELLY MOULDS,12,3/8/2011 12:19,1.25,13975,United Kingdom
545996,22993,SET OF 4 PANTRY JELLY MOULDS,4,3/8/2011 14:12,1.25,14367,United Kingdom
546007,22993,SET OF 4 PANTRY JELLY MOULDS,1,3/8/2011 15:34,2.46,,United Kingdom
546008,22993,SET OF 4 PANTRY JELLY MOULDS,3,3/8/2011 15:43,2.46,,United Kingdom
546028,22993,SET OF 4 PANTRY JELLY MOULDS,12,3/9/2011 8:33,1.25,17049,United Kingdom
546079,22993,SET OF 4 PANTRY JELLY MOULDS,1,3/9/2011 11:05,1.25,14534,United Kingdom
546100,22993,SET OF 4 PANTRY JELLY MOULDS,12,3/9/2011 12:04,1.25,16572,United Kingdom
546132,22993,SET OF 4 PANTRY JELLY MOULDS,24,3/9/2011 15:17,1.25,15057,United Kingdom
546136,22993,SET OF 4 PANTRY JELLY MOULDS,1,3/9/2011 16:32,2.46,,United Kingdom
546136,22993,SET OF 4 PANTRY JELLY MOULDS,6,3/9/2011 16:32,1.25,,United Kingdom
546190,22993,SET OF 4 PANTRY JELLY MOULDS,12,3/10/2011 10:57,1.25,13102,United Kingdom
546261,22993,SET OF 4 PANTRY JELLY MOULDS,1,3/10/2011 15:01,1.25,17841,United Kingdom
546293,22993,SET OF 4 PANTRY JELLY MOULDS,1,3/10/2011 15:13,1.25,,United Kingdom
546306,22993,SET OF 4 PANTRY JELLY MOULDS,6,3/10/2011 16:16,2.46,,United Kingdom
546324,22993,SET OF 4 PANTRY JELLY MOULDS,24,3/11/2011 9:54,1.25,13265,United Kingdom
546394,22993,SET OF 4 PANTRY JELLY MOULDS,12,3/11/2011 14:26,1.25,17164,United Kingdom
546406,22993,SET OF 4 PANTRY JELLY MOULDS,3,3/11/2011 16:21,2.46,,United Kingdom
546438,22993,SET OF 4 PANTRY JELLY MOULDS,72,3/14/2011 9:59,1.06,15125,United Kingdom
546466,22993,SET OF 4 PANTRY JELLY MOULDS,4,3/14/2011 11:04,1.25,18118,United Kingdom
546479,22993,SET OF 4 PANTRY JELLY MOULDS,12,3/14/2011 11:38,1.25,12682,France
546502,22993,SET OF 4 PANTRY JELLY MOULDS,1,3/14/2011 11:46,1.25,16005,United Kingdom
546502,22993,SET OF 4 PANTRY JELLY MOULDS,1,3/14/2011 11:46,1.25,16005,United Kingdom
546502,22993,SET OF 4 PANTRY JELLY MOULDS,1,3/14/2011 11:46,1.25,16005,United Kingdom
546510,22993,SET OF 4 PANTRY JELLY MOULDS,12,3/14/2011 12:17,1.25,16353,United Kingdom
546523,22993,SET OF 4 PANTRY JELLY MOULDS,12,3/14/2011 12:42,1.25,13319,United Kingdom
546542,22993,SET OF 4 PANTRY JELLY MOULDS,1,3/14/2011 15:13,1.25,13263,United Kingdom
546549,22993,SET OF 4 PANTRY JELLY MOULDS,4,3/14/2011 16:46,1.25,17799,United Kingdom
546554,22993,SET OF 4 PANTRY JELLY MOULDS,12,3/15/2011 9:13,1.25,16037,United Kingdom
546639,22993,SET OF 4 PANTRY JELLY MOULDS,12,3/15/2011 12:54,1.25,13971,United Kingdom
546640,22993,SET OF 4 PANTRY JELLY MOULDS,12,3/15/2011 12:56,1.25,14092,United Kingdom
546642,22993,SET OF 4 PANTRY JELLY MOULDS,24,3/15/2011 13:13,1.25,12779,Poland
546658,22993,SET OF 4 PANTRY JELLY MOULDS,12,3/15/2011 14:21,1.25,15150,United Kingdom
546668,22993,SET OF 4 PANTRY JELLY MOULDS,12,3/15/2011 15:33,1.25,14735,United Kingdom
546682,22993,SET OF 4 PANTRY JELLY MOULDS,12,3/16/2011 8:31,1.25,12994,United Kingdom
546774,22993,SET OF 4 PANTRY JELLY MOULDS,3,3/16/2011 15:45,1.25,14505,United Kingdom
546831,22993,SET OF 4 PANTRY JELLY MOULDS,12,3/17/2011 12:15,1.25,13199,United Kingdom
546884,22993,SET OF 4 PANTRY JELLY MOULDS,1,3/17/2011 18:08,2.46,,United Kingdom
546888,22993,SET OF 4 PANTRY JELLY MOULDS,4,3/17/2011 18:15,2.46,,United Kingdom
546891,22993,SET OF 4 PANTRY JELLY MOULDS,4,3/17/2011 18:18,2.46,,United Kingdom
546896,22993,SET OF 4 PANTRY JELLY MOULDS,3,3/17/2011 18:24,2.46,,United Kingdom
546912,22993,SET OF 4 PANTRY JELLY MOULDS,6,3/17/2011 20:12,1.25,15861,United Kingdom
546914,22993,SET OF 4 PANTRY JELLY MOULDS,12,3/18/2011 8:12,1.25,13072,United Kingdom
546944,22993,SET OF 4 PANTRY JELLY MOULDS,2,3/18/2011 11:13,1.25,14701,United Kingdom
546982,22993,SET OF 4 PANTRY JELLY MOULDS,2,3/18/2011 12:26,1.25,15483,United Kingdom
546992,22993,SET OF 4 PANTRY JELLY MOULDS,72,3/18/2011 13:18,1.06,16684,United Kingdom
547020,22993,SET OF 4 PANTRY JELLY MOULDS,12,3/18/2011 15:42,1.25,17017,United Kingdom
547035,22993,SET OF 4 PANTRY JELLY MOULDS,12,3/20/2011 10:33,1.25,13911,United Kingdom
547038,22993,SET OF 4 PANTRY JELLY MOULDS,12,3/20/2011 10:51,1.25,15703,United Kingdom
547042,22993,SET OF 4 PANTRY JELLY MOULDS,3,3/20/2011 11:00,2.46,,United Kingdom
547062,22993,SET OF 4 PANTRY JELLY MOULDS,1,3/20/2011 13:28,1.25,16728,United Kingdom
547063,22993,SET OF 4 PANTRY JELLY MOULDS,3,3/20/2011 13:33,1.25,14769,United Kingdom
547070,22993,SET OF 4 PANTRY JELLY MOULDS,3,3/20/2011 13:58,1.25,16115,United Kingdom
547073,22993,SET OF 4 PANTRY JELLY MOULDS,6,3/20/2011 14:23,1.25,17211,United Kingdom
547081,22993,SET OF 4 PANTRY JELLY MOULDS,12,3/20/2011 15:07,1.25,14205,United Kingdom
547083,22993,SET OF 4 PANTRY JELLY MOULDS,1,3/20/2011 15:21,1.25,15452,United Kingdom
547094,22993,SET OF 4 PANTRY JELLY MOULDS,24,3/21/2011 8:39,1.25,13934,United Kingdom
547122,22993,SET OF 4 PANTRY JELLY MOULDS,24,3/21/2011 11:52,1.25,17678,United Kingdom
C547187,22993,SET OF 4 PANTRY JELLY MOULDS,-2,3/21/2011 12:20,1.25,12779,Poland
547206,22993,SET OF 4 PANTRY JELLY MOULDS,2,3/21/2011 14:18,1.25,16791,United Kingdom
547209,22993,SET OF 4 PANTRY JELLY MOULDS,12,3/21/2011 14:44,1.25,13081,United Kingdom
547240,22993,SET OF 4 PANTRY JELLY MOULDS,4,3/21/2011 16:32,1.25,17585,United Kingdom
547248,22993,SET OF 4 PANTRY JELLY MOULDS,1,3/22/2011 9:23,2.46,,United Kingdom
547249,22993,SET OF 4 PANTRY JELLY MOULDS,1,3/22/2011 9:27,2.46,,United Kingdom
547250,22993,SET OF 4 PANTRY JELLY MOULDS,1,3/22/2011 9:30,2.46,,United Kingdom
547253,22993,SET OF 4 PANTRY JELLY MOULDS,5,3/22/2011 10:44,1.25,13869,United Kingdom
547374,22993,SET OF 4 PANTRY JELLY MOULDS,5,3/22/2011 13:54,1.25,16110,United Kingdom
547377,22993,SET OF 4 PANTRY JELLY MOULDS,12,3/22/2011 14:43,1.25,13050,United Kingdom
547383,22993,SET OF 4 PANTRY JELLY MOULDS,12,3/22/2011 15:42,1.25,12613,Germany
547385,22993,SET OF 4 PANTRY JELLY MOULDS,1,3/22/2011 15:48,2.46,,United Kingdom
547389,22993,SET OF 4 PANTRY JELLY MOULDS,2,3/22/2011 16:08,1.25,16721,United Kingdom
547490,22993,SET OF 4 PANTRY JELLY MOULDS,4,3/23/2011 11:48,1.25,17507,United Kingdom
547497,22993,SET OF 4 PANTRY JELLY MOULDS,6,3/23/2011 12:15,1.25,14461,United Kingdom
547504,22993,SET OF 4 PANTRY JELLY MOULDS,12,3/23/2011 13:33,1.25,12683,France
547547,22993,SET OF 4 PANTRY JELLY MOULDS,3,3/23/2011 15:30,2.46,,United Kingdom
547548,22993,SET OF 4 PANTRY JELLY MOULDS,1,3/23/2011 15:37,1.25,15644,United Kingdom
547561,22993,SET OF 4 PANTRY JELLY MOULDS,12,3/24/2011 8:44,1.25,14129,United Kingdom
547648,22993,SET OF 4 PANTRY JELLY MOULDS,12,3/24/2011 11:44,1.25,15144,United Kingdom
547649,22993,SET OF 4 PANTRY JELLY MOULDS,1,3/24/2011 12:02,1.25,18118,United Kingdom
547650,22993,SET OF 4 PANTRY JELLY MOULDS,2,3/24/2011 12:08,1.25,17059,United Kingdom
547653,22993,SET OF 4 PANTRY JELLY MOULDS,5,3/24/2011 12:21,1.25,16745,United Kingdom
547657,22993,SET OF 4 PANTRY JELLY MOULDS,12,3/24/2011 12:58,1.25,13871,United Kingdom
547658,22993,SET OF 4 PANTRY JELLY MOULDS,2,3/24/2011 13:04,1.25,13736,United Kingdom
547662,22993,SET OF 4 PANTRY JELLY MOULDS,4,3/24/2011 13:12,1.25,14085,United Kingdom
547664,22993,SET OF 4 PANTRY JELLY MOULDS,2,3/24/2011 13:16,1.25,13069,United Kingdom
547667,22993,SET OF 4 PANTRY JELLY MOULDS,12,3/24/2011 13:25,1.25,16700,United Kingdom
547670,22993,SET OF 4 PANTRY JELLY MOULDS,2,3/24/2011 13:41,1.25,16769,United Kingdom
547687,22993,SET OF 4 PANTRY JELLY MOULDS,12,3/24/2011 14:52,1.25,15078,United Kingdom
547691,22993,SET OF 4 PANTRY JELLY MOULDS,12,3/24/2011 15:02,1.25,16767,United Kingdom
547730,22993,SET OF 4 PANTRY JELLY MOULDS,2,3/25/2011 11:01,1.25,14796,United Kingdom
547801,22993,SET OF 4 PANTRY JELLY MOULDS,12,3/25/2011 12:57,1.25,14107,United Kingdom
547822,22993,SET OF 4 PANTRY JELLY MOULDS,12,3/25/2011 14:53,1.25,12668,Germany
547867,22993,SET OF 4 PANTRY JELLY MOULDS,2,3/27/2011 13:56,1.25,13357,United Kingdom
547885,22993,SET OF 4 PANTRY JELLY MOULDS,12,3/28/2011 9:16,1.25,17314,United Kingdom
547894,22993,SET OF 4 PANTRY JELLY MOULDS,12,3/28/2011 10:26,1.25,13552,United Kingdom
547895,22993,SET OF 4 PANTRY JELLY MOULDS,1,3/28/2011 10:52,1.25,18118,United Kingdom
547910,22993,SET OF 4 PANTRY JELLY MOULDS,1,3/28/2011 12:23,1.25,14159,United Kingdom
547910,22993,SET OF 4 PANTRY JELLY MOULDS,1,3/28/2011 12:23,1.25,14159,United Kingdom
547921,22993,SET OF 4 PANTRY JELLY MOULDS,12,3/28/2011 13:28,1.25,14766,United Kingdom
547926,22993,SET OF 4 PANTRY JELLY MOULDS,12,3/28/2011 13:59,1.25,12481,Germany
547960,22993,SET OF 4 PANTRY JELLY MOULDS,2,3/28/2011 15:27,1.25,15644,United Kingdom
547964,22993,SET OF 4 PANTRY JELLY MOULDS,2,3/28/2011 15:45,2.46,,United Kingdom
547967,22993,SET OF 4 PANTRY JELLY MOULDS,2,3/28/2011 15:49,2.46,,United Kingdom
547969,22993,SET OF 4 PANTRY JELLY MOULDS,2,3/28/2011 16:27,1.25,17238,United Kingdom
548011,22993,SET OF 4 PANTRY JELLY MOULDS,72,3/29/2011 11:14,1.06,14646,Netherlands
548017,22993,SET OF 4 PANTRY JELLY MOULDS,12,3/29/2011 11:42,1.25,16871,United Kingdom
548158,22993,SET OF 4 PANTRY JELLY MOULDS,6,3/29/2011 13:28,1.25,15906,United Kingdom
548178,22993,SET OF 4 PANTRY JELLY MOULDS,12,3/29/2011 14:35,1.25,14367,United Kingdom
548185,22993,SET OF 4 PANTRY JELLY MOULDS,12,3/29/2011 14:58,1.25,15628,United Kingdom
548188,22993,SET OF 4 PANTRY JELLY MOULDS,1,3/29/2011 15:12,1.25,13263,United Kingdom
548198,22993,SET OF 4 PANTRY JELLY MOULDS,3,3/29/2011 16:05,1.25,16712,United Kingdom
548203,22993,SET OF 4 PANTRY JELLY MOULDS,164,3/29/2011 16:40,2.95,,United Kingdom
548312,22993,SET OF 4 PANTRY JELLY MOULDS,4,3/30/2011 12:12,1.25,16059,United Kingdom
548313,22993,SET OF 4 PANTRY JELLY MOULDS,1,3/30/2011 12:15,1.25,15353,United Kingdom
548313,22993,SET OF 4 PANTRY JELLY MOULDS,2,3/30/2011 12:15,1.25,15353,United Kingdom
548317,22993,SET OF 4 PANTRY JELLY MOULDS,12,3/30/2011 12:43,1.25,18179,United Kingdom
548327,22993,SET OF 4 PANTRY JELLY MOULDS,1,3/30/2011 13:05,1.25,16788,United Kingdom
548361,22993,SET OF 4 PANTRY JELLY MOULDS,12,3/30/2011 15:38,1.25,16092,United Kingdom
548373,22993,SET OF 4 PANTRY JELLY MOULDS,5,3/30/2011 16:34,2.46,,United Kingdom
548404,22993,SET OF 4 PANTRY JELLY MOULDS,12,3/31/2011 9:38,1.25,16398,United Kingdom
548486,22993,SET OF 4 PANTRY JELLY MOULDS,12,3/31/2011 12:51,1.25,12909,United Kingdom
548516,22993,SET OF 4 PANTRY JELLY MOULDS,5,3/31/2011 16:28,2.46,,United Kingdom
548529,22993,SET OF 4 PANTRY JELLY MOULDS,12,3/31/2011 16:56,1.25,18223,United Kingdom
548563,22993,SET OF 4 PANTRY JELLY MOULDS,9,4/1/2011 10:21,1.25,18118,United Kingdom
548610,22993,SET OF 4 PANTRY JELLY MOULDS,3,4/1/2011 11:28,1.25,15860,United Kingdom
548612,22993,SET OF 4 PANTRY JELLY MOULDS,1,4/1/2011 11:34,1.25,13137,United Kingdom
548612,22993,SET OF 4 PANTRY JELLY MOULDS,4,4/1/2011 11:34,1.25,13137,United Kingdom
548621,22993,SET OF 4 PANTRY JELLY MOULDS,2,4/1/2011 11:54,1.25,16960,United Kingdom
548659,22993,SET OF 4 PANTRY JELLY MOULDS,12,4/1/2011 14:19,1.25,13418,United Kingdom
548670,22993,SET OF 4 PANTRY JELLY MOULDS,2,4/1/2011 15:37,1.25,15356,United Kingdom
548745,22993,SET OF 4 PANTRY JELLY MOULDS,12,4/4/2011 12:10,1.25,12471,Germany
548768,22993,SET OF 4 PANTRY JELLY MOULDS,1,4/4/2011 12:34,1.25,17886,United Kingdom
548780,22993,SET OF 4 PANTRY JELLY MOULDS,12,4/4/2011 12:37,1.25,13294,United Kingdom
548801,22993,SET OF 4 PANTRY JELLY MOULDS,12,4/4/2011 12:44,1.25,15289,United Kingdom
548861,22993,SET OF 4 PANTRY JELLY MOULDS,12,4/4/2011 13:42,1.25,18185,United Kingdom
548874,22993,SET OF 4 PANTRY JELLY MOULDS,12,4/4/2011 15:18,1.25,17716,United Kingdom
548894,22993,SET OF 4 PANTRY JELLY MOULDS,1,4/4/2011 16:01,2.46,,United Kingdom
C548915,22993,SET OF 4 PANTRY JELLY MOULDS,-12,4/5/2011 9:53,1.25,12668,Germany
548919,22993,SET OF 4 PANTRY JELLY MOULDS,12,4/5/2011 10:18,1.25,13013,United Kingdom
548968,22993,SET OF 4 PANTRY JELLY MOULDS,12,4/5/2011 10:58,1.25,12744,Singapore
548978,22993,SET OF 4 PANTRY JELLY MOULDS,6,4/5/2011 12:08,1.25,15727,United Kingdom
548987,22993,SET OF 4 PANTRY JELLY MOULDS,2,4/5/2011 12:50,1.25,14535,United Kingdom
548996,22993,SET OF 4 PANTRY JELLY MOULDS,1,4/5/2011 14:12,1.25,,United Kingdom
549102,22993,SET OF 4 PANTRY JELLY MOULDS,12,4/6/2011 11:34,1.25,13266,United Kingdom
549118,22993,SET OF 4 PANTRY JELLY MOULDS,12,4/6/2011 13:18,1.25,14911,EIRE
549128,22993,SET OF 4 PANTRY JELLY MOULDS,2,4/6/2011 14:25,1.25,16713,United Kingdom
549148,22993,SET OF 4 PANTRY JELLY MOULDS,2,4/6/2011 15:31,1.25,14534,United Kingdom
549153,22993,SET OF 4 PANTRY JELLY MOULDS,12,4/6/2011 15:47,1.25,13771,United Kingdom
549154,22993,SET OF 4 PANTRY JELLY MOULDS,12,4/6/2011 16:47,1.25,17690,United Kingdom
549155,22993,SET OF 4 PANTRY JELLY MOULDS,1,4/6/2011 17:08,2.46,,United Kingdom
549185,22993,SET OF 4 PANTRY JELLY MOULDS,12,4/7/2011 9:35,1.25,18272,United Kingdom
549240,22993,SET OF 4 PANTRY JELLY MOULDS,2,4/7/2011 11:37,1.25,15910,United Kingdom
549241,22993,SET OF 4 PANTRY JELLY MOULDS,1,4/7/2011 11:40,1.25,15719,United Kingdom
549258,22993,SET OF 4 PANTRY JELLY MOULDS,12,4/7/2011 12:30,1.25,13102,United Kingdom
549278,22993,SET OF 4 PANTRY JELLY MOULDS,4,4/7/2011 13:16,1.25,16255,United Kingdom
549299,22993,SET OF 4 PANTRY JELLY MOULDS,12,4/8/2011 8:20,1.25,13995,United Kingdom
549307,22993,SET OF 4 PANTRY JELLY MOULDS,12,4/8/2011 9:08,1.25,15119,United Kingdom
549313,22993,SET OF 4 PANTRY JELLY MOULDS,12,4/8/2011 9:45,1.25,12393,Australia
549316,22993,SET OF 4 PANTRY JELLY MOULDS,12,4/8/2011 9:54,1.25,12705,Germany
549324,22993,SET OF 4 PANTRY JELLY MOULDS,12,4/8/2011 10:32,1.25,16045,United Kingdom
549524,22993,SET OF 4 PANTRY JELLY MOULDS,1,4/8/2011 15:42,2.46,,United Kingdom
549525,22993,SET OF 4 PANTRY JELLY MOULDS,1,4/8/2011 15:44,2.46,,United Kingdom
549546,22993,SET OF 4 PANTRY JELLY MOULDS,12,4/10/2011 11:24,1.25,16889,United Kingdom
549555,22993,SET OF 4 PANTRY JELLY MOULDS,2,4/10/2011 12:52,1.25,13606,United Kingdom
549556,22993,SET OF 4 PANTRY JELLY MOULDS,4,4/10/2011 12:53,1.25,17372,United Kingdom
549587,22993,SET OF 4 PANTRY JELLY MOULDS,12,4/11/2011 10:01,1.25,15737,United Kingdom
549592,22993,SET OF 4 PANTRY JELLY MOULDS,12,4/11/2011 10:14,1.25,14311,United Kingdom
549690,22993,SET OF 4 PANTRY JELLY MOULDS,1,4/11/2011 13:41,1.25,17841,United Kingdom
549746,22993,SET OF 4 PANTRY JELLY MOULDS,72,4/12/2011 10:38,1.06,15251,United Kingdom
549748,22993,SET OF 4 PANTRY JELLY MOULDS,72,4/12/2011 10:42,1.06,17428,United Kingdom
549755,22993,SET OF 4 PANTRY JELLY MOULDS,24,4/12/2011 11:34,1.25,16843,United Kingdom
549789,22993,SET OF 4 PANTRY JELLY MOULDS,12,4/12/2011 12:00,1.25,17160,United Kingdom
549838,22993,SET OF 4 PANTRY JELLY MOULDS,24,4/12/2011 13:39,1.25,16705,United Kingdom
549918,22993,SET OF 4 PANTRY JELLY MOULDS,36,4/13/2011 9:48,1.25,17017,United Kingdom
549927,22993,SET OF 4 PANTRY JELLY MOULDS,144,4/13/2011 10:19,1.06,16684,United Kingdom
549984,22993,SET OF 4 PANTRY JELLY MOULDS,12,4/13/2011 15:57,1.25,15147,United Kingdom
549985,22993,SET OF 4 PANTRY JELLY MOULDS,6,4/13/2011 15:58,1.25,15640,United Kingdom
549990,22993,SET OF 4 PANTRY JELLY MOULDS,6,4/13/2011 17:31,1.25,16678,United Kingdom
549991,22993,SET OF 4 PANTRY JELLY MOULDS,12,4/14/2011 8:13,1.25,18229,United Kingdom
549993,22993,SET OF 4 PANTRY JELLY MOULDS,24,4/14/2011 8:26,1.25,14057,United Kingdom
549995,22993,SET OF 4 PANTRY JELLY MOULDS,12,4/14/2011 8:32,1.25,16131,United Kingdom
550106,22993,SET OF 4 PANTRY JELLY MOULDS,3,4/14/2011 12:31,1.25,13772,United Kingdom
550126,22993,SET OF 4 PANTRY JELLY MOULDS,12,4/14/2011 12:43,1.25,12853,United Kingdom
550128,22993,SET OF 4 PANTRY JELLY MOULDS,1,4/14/2011 13:13,1.25,,United Kingdom
550131,22993,SET OF 4 PANTRY JELLY MOULDS,12,4/14/2011 13:27,1.25,15935,United Kingdom
550163,22993,SET OF 4 PANTRY JELLY MOULDS,12,4/14/2011 16:26,1.25,14154,United Kingdom
550183,22993,SET OF 4 PANTRY JELLY MOULDS,6,4/14/2011 17:58,1.25,14105,United Kingdom
550201,22993,SET OF 4 PANTRY JELLY MOULDS,24,4/15/2011 10:25,1.25,12769,Brazil
550208,22993,SET OF 4 PANTRY JELLY MOULDS,1,4/15/2011 10:39,3.29,,United Kingdom
550215,22993,SET OF 4 PANTRY JELLY MOULDS,1,4/15/2011 10:43,3.29,,United Kingdom
550285,22993,SET OF 4 PANTRY JELLY MOULDS,12,4/15/2011 14:14,1.25,15249,United Kingdom
550297,22993,SET OF 4 PANTRY JELLY MOULDS,1,4/15/2011 15:58,1.25,14056,United Kingdom
550304,22993,SET OF 4 PANTRY JELLY MOULDS,12,4/17/2011 10:27,1.25,14092,United Kingdom
550320,22993,SET OF 4 PANTRY JELLY MOULDS,5,4/17/2011 12:37,1.25,12748,United Kingdom
550330,22993,SET OF 4 PANTRY JELLY MOULDS,12,4/17/2011 13:27,1.25,15827,United Kingdom
550458,22993,SET OF 4 PANTRY JELLY MOULDS,6,4/18/2011 13:13,2.46,,United Kingdom
550464,22993,SET OF 4 PANTRY JELLY MOULDS,6,4/18/2011 13:30,1.25,16550,United Kingdom
550470,22993,SET OF 4 PANTRY JELLY MOULDS,1,4/18/2011 13:49,2.46,,United Kingdom
550471,22993,SET OF 4 PANTRY JELLY MOULDS,3,4/18/2011 13:52,2.46,,United Kingdom
550474,22993,SET OF 4 PANTRY JELLY MOULDS,4,4/18/2011 13:58,2.46,,United Kingdom
550479,22993,SET OF 4 PANTRY JELLY MOULDS,12,4/18/2011 14:01,1.25,15625,United Kingdom
550483,22993,SET OF 4 PANTRY JELLY MOULDS,2,4/18/2011 14:12,1.25,16033,United Kingdom
550498,22993,SET OF 4 PANTRY JELLY MOULDS,5,4/18/2011 15:14,1.25,14692,United Kingdom
550499,22993,SET OF 4 PANTRY JELLY MOULDS,1,4/18/2011 15:16,2.46,,United Kingdom
550500,22993,SET OF 4 PANTRY JELLY MOULDS,3,4/18/2011 15:26,2.46,,United Kingdom
550526,22993,SET OF 4 PANTRY JELLY MOULDS,12,4/19/2011 10:40,1.25,14309,United Kingdom
550527,22993,SET OF 4 PANTRY JELLY MOULDS,24,4/19/2011 10:48,1.25,12476,Germany
550542,22993,SET OF 4 PANTRY JELLY MOULDS,1,4/19/2011 11:37,2.46,,United Kingdom
550579,22993,SET OF 4 PANTRY JELLY MOULDS,12,4/19/2011 11:52,1.25,13266,United Kingdom
550644,22993,SET OF 4 PANTRY JELLY MOULDS,1,4/19/2011 16:19,1.25,12733,USA
550778,22993,SET OF 4 PANTRY JELLY MOULDS,12,4/20/2011 13:36,1.25,14868,United Kingdom
550783,22993,SET OF 4 PANTRY JELLY MOULDS,12,4/20/2011 13:58,1.25,13485,United Kingdom
550796,22993,SET OF 4 PANTRY JELLY MOULDS,16,4/20/2011 14:38,1.25,17211,United Kingdom
550828,22993,SET OF 4 PANTRY JELLY MOULDS,2,4/21/2011 10:19,1.25,17315,United Kingdom
550829,22993,SET OF 4 PANTRY JELLY MOULDS,1,4/21/2011 10:19,1.25,17841,United Kingdom
550885,22993,SET OF 4 PANTRY JELLY MOULDS,12,4/21/2011 11:59,1.25,16185,United Kingdom
550968,22993,SET OF 4 PANTRY JELLY MOULDS,12,4/21/2011 16:59,1.25,14961,United Kingdom
550974,22993,SET OF 4 PANTRY JELLY MOULDS,12,4/21/2011 17:10,1.25,13862,United Kingdom
550987,22993,SET OF 4 PANTRY JELLY MOULDS,1,4/21/2011 18:10,2.46,,United Kingdom
550997,22993,SET OF 4 PANTRY JELLY MOULDS,12,4/26/2011 9:04,1.25,17735,United Kingdom
551016,22993,SET OF 4 PANTRY JELLY MOULDS,1,4/26/2011 11:09,1.25,17975,United Kingdom
551035,22993,SET OF 4 PANTRY JELLY MOULDS,12,4/26/2011 11:34,1.25,15065,United Kingdom
551054,22993,SET OF 4 PANTRY JELLY MOULDS,12,4/26/2011 11:44,1.25,12429,Austria
551174,22993,SET OF 4 PANTRY JELLY MOULDS,1,4/26/2011 17:02,2.46,,United Kingdom
551192,22993,SET OF 4 PANTRY JELLY MOULDS,12,4/27/2011 10:54,1.25,16188,United Kingdom
551218,22993,SET OF 4 PANTRY JELLY MOULDS,6,4/27/2011 11:41,1.25,18077,United Kingdom
551273,22993,SET OF 4 PANTRY JELLY MOULDS,12,4/27/2011 12:50,1.25,14051,United Kingdom
551276,22993,SET OF 4 PANTRY JELLY MOULDS,2,4/27/2011 13:06,1.25,16016,United Kingdom
551278,22993,SET OF 4 PANTRY JELLY MOULDS,12,4/27/2011 13:13,1.25,12483,Sweden
551283,22993,SET OF 4 PANTRY JELLY MOULDS,2,4/27/2011 14:01,1.25,16755,United Kingdom
551340,22993,SET OF 4 PANTRY JELLY MOULDS,1,4/27/2011 17:23,2.46,,United Kingdom
551349,22993,SET OF 4 PANTRY JELLY MOULDS,12,4/28/2011 10:03,1.25,14740,United Kingdom
551507,22993,SET OF 4 PANTRY JELLY MOULDS,12,4/28/2011 18:11,1.25,18272,United Kingdom
551517,22993,SET OF 4 PANTRY JELLY MOULDS,3,5/1/2011 11:14,1.25,16931,United Kingdom
C551540,22993,SET OF 4 PANTRY JELLY MOULDS,-12,5/3/2011 8:47,1.25,14735,United Kingdom
551542,22993,SET OF 4 PANTRY JELLY MOULDS,12,5/3/2011 9:05,1.25,14732,United Kingdom
551544,22993,SET OF 4 PANTRY JELLY MOULDS,12,5/3/2011 9:33,1.25,12683,France
551549,22993,SET OF 4 PANTRY JELLY MOULDS,12,5/3/2011 9:46,1.25,17501,United Kingdom
551603,22993,SET OF 4 PANTRY JELLY MOULDS,12,5/3/2011 11:34,1.25,16745,United Kingdom
551657,22993,SET OF 4 PANTRY JELLY MOULDS,12,5/3/2011 12:12,1.25,14911,EIRE
551688,22993,SET OF 4 PANTRY JELLY MOULDS,24,5/3/2011 13:31,1.25,14107,United Kingdom
551718,22993,SET OF 4 PANTRY JELLY MOULDS,1,5/3/2011 16:06,2.46,,United Kingdom
551724,22993,SET OF 4 PANTRY JELLY MOULDS,3,5/3/2011 17:12,1.25,15976,United Kingdom
551733,22993,SET OF 4 PANTRY JELLY MOULDS,12,5/4/2011 10:15,1.25,13012,United Kingdom
551775,22993,SET OF 4 PANTRY JELLY MOULDS,12,5/4/2011 11:21,1.25,12886,United Kingdom
551820,22993,SET OF 4 PANTRY JELLY MOULDS,24,5/4/2011 12:11,1.25,12645,Germany
551835,22993,SET OF 4 PANTRY JELLY MOULDS,12,5/4/2011 13:17,1.25,17646,United Kingdom
551842,22993,SET OF 4 PANTRY JELLY MOULDS,8,5/4/2011 13:52,1.25,16678,United Kingdom
551843,22993,SET OF 4 PANTRY JELLY MOULDS,12,5/4/2011 13:57,1.25,16094,United Kingdom
551845,22993,SET OF 4 PANTRY JELLY MOULDS,1,5/4/2011 14:03,1.25,17961,United Kingdom
551849,22993,SET OF 4 PANTRY JELLY MOULDS,36,5/4/2011 14:33,1.25,16258,United Kingdom
551855,22993,SET OF 4 PANTRY JELLY MOULDS,4,5/4/2011 15:08,1.25,12836,United Kingdom
551869,22993,SET OF 4 PANTRY JELLY MOULDS,12,5/4/2011 16:36,1.25,16767,United Kingdom
551893,22993,SET OF 4 PANTRY JELLY MOULDS,12,5/5/2011 10:07,1.25,17675,United Kingdom
551963,22993,SET OF 4 PANTRY JELLY MOULDS,12,5/5/2011 12:52,1.25,13266,United Kingdom
551966,22993,SET OF 4 PANTRY JELLY MOULDS,1,5/5/2011 13:14,1.25,15356,United Kingdom
551982,22993,SET OF 4 PANTRY JELLY MOULDS,4,5/5/2011 13:56,1.25,15023,United Kingdom
551995,22993,SET OF 4 PANTRY JELLY MOULDS,3,5/5/2011 15:42,2.46,,United Kingdom
552037,22993,SET OF 4 PANTRY JELLY MOULDS,24,5/5/2011 19:48,1.25,13450,United Kingdom
552039,22993,SET OF 4 PANTRY JELLY MOULDS,12,5/6/2011 8:10,1.25,13081,United Kingdom
552045,22993,SET OF 4 PANTRY JELLY MOULDS,12,5/6/2011 9:22,1.25,18241,United Kingdom
552180,22993,SET OF 4 PANTRY JELLY MOULDS,12,5/6/2011 13:35,1.25,18235,United Kingdom
552229,22993,SET OF 4 PANTRY JELLY MOULDS,1,5/6/2011 15:40,2.46,,United Kingdom
552232,22993,SET OF 4 PANTRY JELLY MOULDS,1,5/6/2011 15:54,2.46,,United Kingdom
552234,22993,SET OF 4 PANTRY JELLY MOULDS,2,5/6/2011 16:01,2.46,,United Kingdom
552266,22993,SET OF 4 PANTRY JELLY MOULDS,24,5/8/2011 11:41,1.25,13975,United Kingdom
552269,22993,SET OF 4 PANTRY JELLY MOULDS,4,5/8/2011 11:52,1.25,16121,United Kingdom
552278,22993,SET OF 4 PANTRY JELLY MOULDS,1,5/8/2011 12:36,1.25,15059,United Kingdom
552282,22993,SET OF 4 PANTRY JELLY MOULDS,6,5/8/2011 12:44,1.25,14040,United Kingdom
552286,22993,SET OF 4 PANTRY JELLY MOULDS,12,5/8/2011 13:07,1.25,16393,United Kingdom
552295,22993,SET OF 4 PANTRY JELLY MOULDS,1,5/8/2011 14:08,1.25,14224,United Kingdom
552296,22993,SET OF 4 PANTRY JELLY MOULDS,6,5/8/2011 14:09,1.25,15518,United Kingdom
552321,22993,SET OF 4 PANTRY JELLY MOULDS,12,5/9/2011 9:15,1.25,17049,United Kingdom
552365,22993,SET OF 4 PANTRY JELLY MOULDS,2,5/9/2011 12:25,1.25,16440,United Kingdom
552467,22993,SET OF 4 PANTRY JELLY MOULDS,24,5/9/2011 15:29,1.25,15249,United Kingdom
552493,22993,SET OF 4 PANTRY JELLY MOULDS,1,5/9/2011 16:21,2.46,,United Kingdom
552508,22993,SET OF 4 PANTRY JELLY MOULDS,3,5/9/2011 16:27,2.46,,United Kingdom
552520,22993,SET OF 4 PANTRY JELLY MOULDS,3,5/9/2011 16:34,2.46,,United Kingdom
552550,22993,SET OF 4 PANTRY JELLY MOULDS,72,5/10/2011 10:43,1.06,13881,United Kingdom
552560,22993,SET OF 4 PANTRY JELLY MOULDS,12,5/10/2011 11:48,1.25,17581,United Kingdom
552643,22993,SET OF 4 PANTRY JELLY MOULDS,1,5/10/2011 13:24,1.25,16791,United Kingdom
552654,22993,SET OF 4 PANTRY JELLY MOULDS,1,5/10/2011 14:20,1.25,15756,United Kingdom
552658,22993,SET OF 4 PANTRY JELLY MOULDS,4,5/10/2011 14:57,1.25,14534,United Kingdom
552664,22993,SET OF 4 PANTRY JELLY MOULDS,24,5/10/2011 15:05,1.25,14051,United Kingdom
552694,22993,SET OF 4 PANTRY JELLY MOULDS,12,5/10/2011 15:25,1.25,12749,United Kingdom
552695,22993,SET OF 4 PANTRY JELLY MOULDS,12,5/10/2011 15:31,1.25,16320,Unspecified
552714,22993,SET OF 4 PANTRY JELLY MOULDS,12,5/11/2011 9:28,1.25,17164,United Kingdom
552802,22993,SET OF 4 PANTRY JELLY MOULDS,4,5/11/2011 12:23,1.25,16115,United Kingdom
552816,22993,SET OF 4 PANTRY JELLY MOULDS,1,5/11/2011 12:47,1.25,15521,United Kingdom
552821,22993,SET OF 4 PANTRY JELLY MOULDS,1,5/11/2011 12:58,1.25,18118,United Kingdom
552822,22993,SET OF 4 PANTRY JELLY MOULDS,1,5/11/2011 12:59,1.25,15521,United Kingdom
552829,22993,SET OF 4 PANTRY JELLY MOULDS,12,5/11/2011 13:42,1.25,12748,United Kingdom
552839,22993,SET OF 4 PANTRY JELLY MOULDS,12,5/11/2011 14:25,1.25,14367,United Kingdom
552857,22993,SET OF 4 PANTRY JELLY MOULDS,2,5/11/2011 15:34,2.46,,United Kingdom
552949,22993,SET OF 4 PANTRY JELLY MOULDS,8,5/12/2011 12:01,1.25,16033,United Kingdom
552952,22993,SET OF 4 PANTRY JELLY MOULDS,1,5/12/2011 12:10,1.25,13837,United Kingdom
553021,22993,SET OF 4 PANTRY JELLY MOULDS,24,5/12/2011 19:22,1.25,18172,United Kingdom
553037,22993,SET OF 4 PANTRY JELLY MOULDS,24,5/13/2011 8:10,1.25,12471,Germany
553074,22993,SET OF 4 PANTRY JELLY MOULDS,2,5/13/2011 11:45,1.25,15529,United Kingdom
553088,22993,SET OF 4 PANTRY JELLY MOULDS,12,5/13/2011 11:53,1.25,16180,United Kingdom
553120,22993,SET OF 4 PANTRY JELLY MOULDS,12,5/13/2011 12:12,1.25,17139,United Kingdom
553184,22993,SET OF 4 PANTRY JELLY MOULDS,1,5/15/2011 12:33,1.25,13232,United Kingdom
553351,22993,SET OF 4 PANTRY JELLY MOULDS,6,5/16/2011 13:35,1.25,18118,United Kingdom
553375,22993,SET OF 4 PANTRY JELLY MOULDS,12,5/16/2011 14:53,1.25,14911,EIRE
553386,22993,SET OF 4 PANTRY JELLY MOULDS,12,5/16/2011 16:22,1.25,13381,United Kingdom
553389,22993,SET OF 4 PANTRY JELLY MOULDS,2,5/16/2011 16:37,2.46,,United Kingdom
553390,22993,SET OF 4 PANTRY JELLY MOULDS,1,5/16/2011 16:41,1.25,17841,United Kingdom
553392,22993,SET OF 4 PANTRY JELLY MOULDS,24,5/16/2011 16:44,1.25,16131,United Kingdom
553393,22993,SET OF 4 PANTRY JELLY MOULDS,1,5/16/2011 16:46,2.46,,United Kingdom
553417,22993,SET OF 4 PANTRY JELLY MOULDS,12,5/17/2011 10:08,1.25,13871,United Kingdom
553418,22993,SET OF 4 PANTRY JELLY MOULDS,12,5/17/2011 10:10,1.25,18257,United Kingdom
553461,22993,SET OF 4 PANTRY JELLY MOULDS,12,5/17/2011 10:57,1.25,16316,United Kingdom
553535,22993,SET OF 4 PANTRY JELLY MOULDS,12,5/17/2011 15:17,1.25,,EIRE
553544,22993,SET OF 4 PANTRY JELLY MOULDS,1,5/17/2011 15:36,3.29,,United Kingdom
553572,22993,SET OF 4 PANTRY JELLY MOULDS,12,5/18/2011 9:37,1.25,18223,United Kingdom
553607,22993,SET OF 4 PANTRY JELLY MOULDS,72,5/18/2011 10:47,1.06,16684,United Kingdom
553707,22993,SET OF 4 PANTRY JELLY MOULDS,24,5/18/2011 15:26,1.25,16843,United Kingdom
553711,22993,SET OF 4 PANTRY JELLY MOULDS,12,5/18/2011 15:39,1.25,13552,United Kingdom
553762,22993,SET OF 4 PANTRY JELLY MOULDS,12,5/19/2011 10:38,1.25,18145,United Kingdom
553766,22993,SET OF 4 PANTRY JELLY MOULDS,1,5/19/2011 10:44,3.29,,United Kingdom
553836,22993,SET OF 4 PANTRY JELLY MOULDS,48,5/19/2011 12:08,1.25,17017,United Kingdom
553863,22993,SET OF 4 PANTRY JELLY MOULDS,6,5/19/2011 14:05,1.25,13418,United Kingdom
553920,22993,SET OF 4 PANTRY JELLY MOULDS,12,5/20/2011 8:57,1.25,15955,United Kingdom
553933,22993,SET OF 4 PANTRY JELLY MOULDS,12,5/20/2011 10:30,1.25,15078,United Kingdom
554016,22993,SET OF 4 PANTRY JELLY MOULDS,2,5/20/2011 13:14,1.25,13243,United Kingdom
554054,22993,SET OF 4 PANTRY JELLY MOULDS,1,5/20/2011 15:29,2.46,,United Kingdom
554058,22993,SET OF 4 PANTRY JELLY MOULDS,1,5/20/2011 16:04,1.25,17757,United Kingdom
554070,22993,SET OF 4 PANTRY JELLY MOULDS,12,5/22/2011 11:06,1.25,13555,United Kingdom
554080,22993,SET OF 4 PANTRY JELLY MOULDS,3,5/22/2011 11:42,1.25,16931,United Kingdom
554098,22993,SET OF 4 PANTRY JELLY MOULDS,6,5/22/2011 13:01,1.25,14769,United Kingdom
554151,22993,SET OF 4 PANTRY JELLY MOULDS,4,5/23/2011 11:07,1.25,14049,United Kingdom
554310,22993,SET OF 4 PANTRY JELLY MOULDS,2,5/23/2011 15:25,2.46,,United Kingdom
554359,22993,SET OF 4 PANTRY JELLY MOULDS,12,5/24/2011 9:56,1.25,13590,United Kingdom
554376,22993,SET OF 4 PANTRY JELLY MOULDS,2,5/24/2011 11:31,1.25,15719,United Kingdom
554511,22993,SET OF 4 PANTRY JELLY MOULDS,3,5/24/2011 15:52,2.46,,United Kingdom
554513,22993,SET OF 4 PANTRY JELLY MOULDS,12,5/24/2011 15:56,1.25,14057,United Kingdom
554514,22993,SET OF 4 PANTRY JELLY MOULDS,1,5/24/2011 15:58,2.46,,United Kingdom
554526,22993,SET OF 4 PANTRY JELLY MOULDS,3,5/24/2011 17:24,1.25,,United Kingdom
554542,22993,SET OF 4 PANTRY JELLY MOULDS,12,5/25/2011 8:32,1.25,15194,United Kingdom
554545,22993,SET OF 4 PANTRY JELLY MOULDS,12,5/25/2011 9:35,1.25,13102,United Kingdom
554546,22993,SET OF 4 PANTRY JELLY MOULDS,3,5/25/2011 9:37,1.25,,United Kingdom
554651,22993,SET OF 4 PANTRY JELLY MOULDS,24,5/25/2011 12:55,1.25,12779,Poland
554654,22993,SET OF 4 PANTRY JELLY MOULDS,12,5/25/2011 13:34,1.25,12815,Poland
554694,22993,SET OF 4 PANTRY JELLY MOULDS,2,5/25/2011 17:06,2.46,,United Kingdom
554698,22993,SET OF 4 PANTRY JELLY MOULDS,24,5/26/2011 8:38,1.25,16678,United Kingdom
554825,22993,SET OF 4 PANTRY JELLY MOULDS,12,5/26/2011 14:45,1.25,16843,United Kingdom
554832,22993,SET OF 4 PANTRY JELLY MOULDS,24,5/26/2011 15:30,1.25,16092,United Kingdom
554917,22993,SET OF 4 PANTRY JELLY MOULDS,12,5/27/2011 12:29,1.25,15104,United Kingdom
554946,22993,SET OF 4 PANTRY JELLY MOULDS,12,5/27/2011 14:22,1.25,18242,United Kingdom
554979,22993,SET OF 4 PANTRY JELLY MOULDS,3,5/29/2011 11:34,1.25,16931,United Kingdom
554992,22993,SET OF 4 PANTRY JELLY MOULDS,2,5/29/2011 14:08,1.25,16686,United Kingdom
555025,22993,SET OF 4 PANTRY JELLY MOULDS,12,5/31/2011 11:21,1.25,17648,United Kingdom
555114,22993,SET OF 4 PANTRY JELLY MOULDS,4,5/31/2011 14:55,1.25,13571,United Kingdom
555149,22993,SET OF 4 PANTRY JELLY MOULDS,2,5/31/2011 15:49,2.46,,United Kingdom
555158,22993,SET OF 4 PANTRY JELLY MOULDS,12,6/1/2011 8:38,1.25,14842,United Kingdom
555249,22993,SET OF 4 PANTRY JELLY MOULDS,2,6/1/2011 14:57,1.25,17472,United Kingdom
555275,22993,SET OF 4 PANTRY JELLY MOULDS,1,6/1/2011 17:18,2.46,,United Kingdom
555276,22993,SET OF 4 PANTRY JELLY MOULDS,1,6/1/2011 17:28,2.46,,United Kingdom
555278,22993,SET OF 4 PANTRY JELLY MOULDS,2,6/1/2011 17:33,2.46,,United Kingdom
555397,22993,SET OF 4 PANTRY JELLY MOULDS,2,6/2/2011 17:26,2.46,,United Kingdom
555477,22993,SET OF 4 PANTRY JELLY MOULDS,24,6/3/2011 12:26,1.25,12359,Cyprus
555515,22993,SET OF 4 PANTRY JELLY MOULDS,8,6/5/2011 10:47,1.25,17690,United Kingdom
555541,22993,SET OF 4 PANTRY JELLY MOULDS,2,6/5/2011 12:51,1.25,16883,United Kingdom
555558,22993,SET OF 4 PANTRY JELLY MOULDS,3,6/5/2011 14:06,1.25,14159,United Kingdom
555559,22993,SET OF 4 PANTRY JELLY MOULDS,12,6/5/2011 14:18,1.25,13862,United Kingdom
555564,22993,SET OF 4 PANTRY JELLY MOULDS,2,6/5/2011 15:01,1.25,15005,United Kingdom
555567,22993,SET OF 4 PANTRY JELLY MOULDS,6,6/5/2011 15:25,1.25,17050,United Kingdom
555573,22993,SET OF 4 PANTRY JELLY MOULDS,2,6/5/2011 15:46,1.25,15349,United Kingdom
555587,22993,SET OF 4 PANTRY JELLY MOULDS,12,6/6/2011 9:13,1.25,15687,United Kingdom
555630,22993,SET OF 4 PANTRY JELLY MOULDS,12,6/6/2011 12:04,1.25,14732,United Kingdom
555634,22993,SET OF 4 PANTRY JELLY MOULDS,12,6/6/2011 12:29,1.25,13319,United Kingdom
555737,22993,SET OF 4 PANTRY JELLY MOULDS,12,6/7/2011 9:19,1.25,16153,United Kingdom
555849,22993,SET OF 4 PANTRY JELLY MOULDS,12,6/7/2011 13:33,1.25,13266,United Kingdom
555857,22993,SET OF 4 PANTRY JELLY MOULDS,12,6/7/2011 14:03,1.25,16393,United Kingdom
555896,22993,SET OF 4 PANTRY JELLY MOULDS,8,6/7/2011 16:04,1.25,15640,United Kingdom
555924,22993,SET OF 4 PANTRY JELLY MOULDS,1,6/7/2011 17:12,2.46,,United Kingdom
555925,22993,SET OF 4 PANTRY JELLY MOULDS,2,6/7/2011 17:13,2.46,,United Kingdom
556045,22993,SET OF 4 PANTRY JELLY MOULDS,12,6/8/2011 12:54,1.25,15764,United Kingdom
556102,22993,SET OF 4 PANTRY JELLY MOULDS,12,6/8/2011 16:15,1.25,13115,United Kingdom
556106,22993,SET OF 4 PANTRY JELLY MOULDS,1,6/8/2011 16:54,1.25,14056,United Kingdom
556188,22993,SET OF 4 PANTRY JELLY MOULDS,12,6/9/2011 11:49,1.25,,United Kingdom
556238,22993,SET OF 4 PANTRY JELLY MOULDS,24,6/9/2011 15:35,1.25,13397,United Kingdom
556256,22993,SET OF 4 PANTRY JELLY MOULDS,12,6/9/2011 17:37,1.25,14309,United Kingdom
556257,22993,SET OF 4 PANTRY JELLY MOULDS,3,6/9/2011 17:47,1.25,17576,United Kingdom
556318,22993,SET OF 4 PANTRY JELLY MOULDS,24,6/10/2011 10:49,1.25,16767,United Kingdom
556427,22993,SET OF 4 PANTRY JELLY MOULDS,1,6/10/2011 13:23,3.29,,United Kingdom
556434,22993,SET OF 4 PANTRY JELLY MOULDS,12,6/10/2011 14:06,1.25,14895,United Kingdom
556459,22993,SET OF 4 PANTRY JELLY MOULDS,3,6/10/2011 17:25,2.46,,United Kingdom
556481,22993,SET OF 4 PANTRY JELLY MOULDS,4,6/12/2011 13:00,1.25,16115,United Kingdom
556484,22993,SET OF 4 PANTRY JELLY MOULDS,2,6/12/2011 13:17,1.25,16938,United Kingdom
556484,22993,SET OF 4 PANTRY JELLY MOULDS,4,6/12/2011 13:17,1.25,16938,United Kingdom
556516,22993,SET OF 4 PANTRY JELLY MOULDS,1,6/13/2011 10:46,3.29,,United Kingdom
556517,22993,SET OF 4 PANTRY JELLY MOULDS,12,6/13/2011 10:52,1.25,12481,Germany
556538,22993,SET OF 4 PANTRY JELLY MOULDS,12,6/13/2011 12:42,1.25,15845,United Kingdom
556578,22993,SET OF 4 PANTRY JELLY MOULDS,12,6/13/2011 14:13,1.25,12472,Germany
556636,22993,SET OF 4 PANTRY JELLY MOULDS,1,6/13/2011 15:30,2.46,,United Kingdom
C556647,22993,SET OF 4 PANTRY JELLY MOULDS,-12,6/13/2011 16:14,1.25,13012,United Kingdom
556672,22993,SET OF 4 PANTRY JELLY MOULDS,4,6/13/2011 17:08,1.25,13742,United Kingdom
556728,22993,SET OF 4 PANTRY JELLY MOULDS,4,6/14/2011 11:36,1.25,15719,United Kingdom
556781,22993,SET OF 4 PANTRY JELLY MOULDS,12,6/14/2011 12:47,1.25,13384,United Kingdom
556804,22993,SET OF 4 PANTRY JELLY MOULDS,72,6/14/2011 15:14,1.06,15125,United Kingdom
556917,22993,SET OF 4 PANTRY JELLY MOULDS,72,6/15/2011 13:37,1.06,12415,Australia
556932,22993,SET OF 4 PANTRY JELLY MOULDS,1,6/15/2011 15:41,2.46,,United Kingdom
556937,22993,SET OF 4 PANTRY JELLY MOULDS,12,6/15/2011 16:05,1.25,17716,United Kingdom
557017,22993,SET OF 4 PANTRY JELLY MOULDS,12,6/16/2011 12:29,1.25,13199,United Kingdom
557112,22993,SET OF 4 PANTRY JELLY MOULDS,2,6/16/2011 16:31,2.46,,United Kingdom
557210,22993,SET OF 4 PANTRY JELLY MOULDS,8,6/17/2011 11:49,1.25,18118,United Kingdom
557217,22993,SET OF 4 PANTRY JELLY MOULDS,12,6/17/2011 12:30,1.25,17426,United Kingdom
557257,22993,SET OF 4 PANTRY JELLY MOULDS,24,6/19/2011 10:34,1.25,14051,United Kingdom
557271,22993,SET OF 4 PANTRY JELLY MOULDS,4,6/19/2011 11:41,1.25,17769,United Kingdom
557279,22993,SET OF 4 PANTRY JELLY MOULDS,12,6/19/2011 12:10,1.25,18077,United Kingdom
557308,22993,SET OF 4 PANTRY JELLY MOULDS,1,6/19/2011 15:13,1.25,16744,United Kingdom
557319,22993,SET OF 4 PANTRY JELLY MOULDS,12,6/20/2011 8:23,1.25,15076,United Kingdom
557324,22993,SET OF 4 PANTRY JELLY MOULDS,1,6/20/2011 9:41,2.46,,United Kingdom
557328,22993,SET OF 4 PANTRY JELLY MOULDS,1,6/20/2011 9:53,1.25,14646,Netherlands
557397,22993,SET OF 4 PANTRY JELLY MOULDS,1,6/20/2011 11:23,1.25,17897,United Kingdom
557493,22993,SET OF 4 PANTRY JELLY MOULDS,1,6/20/2011 15:18,3.29,,United Kingdom
557525,22993,SET OF 4 PANTRY JELLY MOULDS,12,6/21/2011 9:26,1.25,12759,Netherlands
557619,22993,SET OF 4 PANTRY JELLY MOULDS,1,6/21/2011 13:58,1.25,17757,United Kingdom
557635,22993,SET OF 4 PANTRY JELLY MOULDS,9,6/21/2011 15:27,1.25,12748,United Kingdom
557644,22993,SET OF 4 PANTRY JELLY MOULDS,2,6/21/2011 17:06,2.46,,United Kingdom
557645,22993,SET OF 4 PANTRY JELLY MOULDS,1,6/21/2011 17:08,2.46,,United Kingdom
557858,22993,SET OF 4 PANTRY JELLY MOULDS,4,6/23/2011 11:51,1.25,14159,United Kingdom
557872,22993,SET OF 4 PANTRY JELLY MOULDS,12,6/23/2011 12:42,1.25,14911,EIRE
557891,22993,SET OF 4 PANTRY JELLY MOULDS,12,6/23/2011 14:05,1.25,17652,United Kingdom
557897,22993,SET OF 4 PANTRY JELLY MOULDS,12,6/23/2011 14:25,1.25,13881,United Kingdom
557938,22993,SET OF 4 PANTRY JELLY MOULDS,1,6/23/2011 15:35,2.46,,United Kingdom
557939,22993,SET OF 4 PANTRY JELLY MOULDS,12,6/23/2011 15:44,1.25,12697,Sweden
557954,22993,SET OF 4 PANTRY JELLY MOULDS,3,6/23/2011 18:44,1.25,15023,United Kingdom
558045,22993,SET OF 4 PANTRY JELLY MOULDS,12,6/24/2011 13:35,1.25,12615,France
558105,22993,SET OF 4 PANTRY JELLY MOULDS,2,6/26/2011 14:54,1.25,15644,United Kingdom
558195,22993,SET OF 4 PANTRY JELLY MOULDS,12,6/27/2011 12:32,1.25,17735,United Kingdom
558200,22993,SET OF 4 PANTRY JELLY MOULDS,4,6/27/2011 13:00,1.25,15976,United Kingdom
558232,22993,SET OF 4 PANTRY JELLY MOULDS,2,6/27/2011 14:30,1.25,17841,United Kingdom
558338,22993,SET OF 4 PANTRY JELLY MOULDS,12,6/28/2011 13:36,1.25,16824,United Kingdom
558355,22993,SET OF 4 PANTRY JELLY MOULDS,4,6/28/2011 14:58,1.25,13614,United Kingdom
558367,22993,SET OF 4 PANTRY JELLY MOULDS,4,6/28/2011 15:31,1.25,16550,United Kingdom
558372,22993,SET OF 4 PANTRY JELLY MOULDS,2,6/28/2011 15:47,1.25,16200,United Kingdom
558416,22993,SET OF 4 PANTRY JELLY MOULDS,3,6/29/2011 10:50,1.25,16059,United Kingdom
558418,22993,SET OF 4 PANTRY JELLY MOULDS,6,6/29/2011 11:35,1.06,12901,United Kingdom
558475,22993,SET OF 4 PANTRY JELLY MOULDS,2,6/29/2011 15:58,2.46,,United Kingdom
558556,22993,SET OF 4 PANTRY JELLY MOULDS,2,6/30/2011 13:14,1.25,17954,United Kingdom
558571,22993,SET OF 4 PANTRY JELLY MOULDS,24,6/30/2011 14:46,1.25,17017,United Kingdom
558614,22993,SET OF 4 PANTRY JELLY MOULDS,3,6/30/2011 15:56,2.46,,United Kingdom
558616,22993,SET OF 4 PANTRY JELLY MOULDS,12,6/30/2011 16:22,1.25,16045,United Kingdom
558729,22993,SET OF 4 PANTRY JELLY MOULDS,24,7/1/2011 14:51,1.25,13450,United Kingdom
558751,22993,SET OF 4 PANTRY JELLY MOULDS,12,7/3/2011 11:26,1.25,16009,United Kingdom
558769,22993,SET OF 4 PANTRY JELLY MOULDS,1,7/3/2011 14:58,1.25,17899,United Kingdom
558769,22993,SET OF 4 PANTRY JELLY MOULDS,1,7/3/2011 14:58,1.25,17899,United Kingdom
558777,22993,SET OF 4 PANTRY JELLY MOULDS,8,7/4/2011 10:23,2.46,,United Kingdom
558778,22993,SET OF 4 PANTRY JELLY MOULDS,12,7/4/2011 10:27,1.25,17160,United Kingdom
558809,22993,SET OF 4 PANTRY JELLY MOULDS,2,7/4/2011 11:10,3.29,,United Kingdom
558810,22993,SET OF 4 PANTRY JELLY MOULDS,1,7/4/2011 11:11,3.29,,United Kingdom
558812,22993,SET OF 4 PANTRY JELLY MOULDS,12,7/4/2011 11:35,1.25,16265,United Kingdom
558868,22993,SET OF 4 PANTRY JELLY MOULDS,12,7/4/2011 12:47,1.25,13266,United Kingdom
558876,22993,SET OF 4 PANTRY JELLY MOULDS,5,7/4/2011 13:36,1.25,17841,United Kingdom
558888,22993,SET OF 4 PANTRY JELLY MOULDS,2,7/4/2011 15:29,1.25,14056,United Kingdom
558904,22993,SET OF 4 PANTRY JELLY MOULDS,2,7/4/2011 16:18,2.46,,United Kingdom
558919,22993,SET OF 4 PANTRY JELLY MOULDS,12,7/5/2011 9:56,1.25,15078,United Kingdom
559016,22993,SET OF 4 PANTRY JELLY MOULDS,12,7/5/2011 13:01,1.25,14051,United Kingdom
559055,22993,SET OF 4 PANTRY JELLY MOULDS,1,7/5/2011 17:09,2.46,,United Kingdom
559068,22993,SET OF 4 PANTRY JELLY MOULDS,1,7/6/2011 10:41,1.25,17841,United Kingdom
559256,22993,SET OF 4 PANTRY JELLY MOULDS,12,7/7/2011 12:10,1.25,15249,United Kingdom
559289,22993,SET OF 4 PANTRY JELLY MOULDS,1,7/7/2011 12:22,1.25,15719,United Kingdom
559329,22993,SET OF 4 PANTRY JELLY MOULDS,36,7/7/2011 15:41,1.25,15241,United Kingdom
559366,22993,SET OF 4 PANTRY JELLY MOULDS,12,7/8/2011 9:03,1.25,13102,United Kingdom
559421,22993,SET OF 4 PANTRY JELLY MOULDS,12,7/8/2011 11:55,1.25,12648,Germany
559460,22993,SET OF 4 PANTRY JELLY MOULDS,12,7/8/2011 13:00,1.25,13862,United Kingdom
559505,22993,SET OF 4 PANTRY JELLY MOULDS,12,7/8/2011 15:16,1.25,16398,United Kingdom
559509,22993,SET OF 4 PANTRY JELLY MOULDS,1,7/8/2011 15:25,1.25,15920,United Kingdom
559543,22993,SET OF 4 PANTRY JELLY MOULDS,1,7/10/2011 13:46,1.25,17126,United Kingdom
559544,22993,SET OF 4 PANTRY JELLY MOULDS,1,7/10/2011 13:52,1.25,17126,United Kingdom
559653,22993,SET OF 4 PANTRY JELLY MOULDS,2,7/11/2011 12:49,1.25,14552,United Kingdom
559662,22993,SET OF 4 PANTRY JELLY MOULDS,12,7/11/2011 13:32,1.25,16572,United Kingdom
559668,22993,SET OF 4 PANTRY JELLY MOULDS,12,7/11/2011 13:40,1.25,13394,United Kingdom
559678,22993,SET OF 4 PANTRY JELLY MOULDS,2,7/11/2011 14:43,1.25,16033,United Kingdom
559686,22993,SET OF 4 PANTRY JELLY MOULDS,1,7/11/2011 15:26,1.25,17966,United Kingdom
559697,22993,SET OF 4 PANTRY JELLY MOULDS,2,7/11/2011 17:03,1.25,15577,United Kingdom
559794,22993,SET OF 4 PANTRY JELLY MOULDS,12,7/12/2011 13:16,1.25,16700,United Kingdom
559807,22993,SET OF 4 PANTRY JELLY MOULDS,3,7/12/2011 14:48,1.25,17841,United Kingdom
559813,22993,SET OF 4 PANTRY JELLY MOULDS,24,7/12/2011 15:42,1.25,18272,United Kingdom
559816,22993,SET OF 4 PANTRY JELLY MOULDS,8,7/12/2011 16:11,1.25,,United Kingdom
559817,22993,SET OF 4 PANTRY JELLY MOULDS,1,7/12/2011 16:20,2.46,,United Kingdom
559864,22993,SET OF 4 PANTRY JELLY MOULDS,12,7/13/2011 10:38,1.25,14916,United Kingdom
559894,22993,SET OF 4 PANTRY JELLY MOULDS,2,7/13/2011 12:06,1.25,14159,United Kingdom
559989,22993,SET OF 4 PANTRY JELLY MOULDS,12,7/14/2011 12:21,1.25,13319,United Kingdom
560036,22993,SET OF 4 PANTRY JELLY MOULDS,12,7/14/2011 13:51,1.25,14911,EIRE
560097,22993,SET OF 4 PANTRY JELLY MOULDS,12,7/14/2011 17:40,1.25,13050,United Kingdom
560145,22993,SET OF 4 PANTRY JELLY MOULDS,12,7/15/2011 11:04,1.25,13381,United Kingdom
560209,22993,SET OF 4 PANTRY JELLY MOULDS,2,7/15/2011 14:05,1.25,15004,United Kingdom
560224,22993,SET OF 4 PANTRY JELLY MOULDS,2,7/15/2011 16:06,1.25,14572,United Kingdom
560244,22993,SET OF 4 PANTRY JELLY MOULDS,1,7/17/2011 12:14,1.25,16931,United Kingdom
560248,22993,SET OF 4 PANTRY JELLY MOULDS,4,7/17/2011 12:24,1.25,16255,United Kingdom
560288,22993,SET OF 4 PANTRY JELLY MOULDS,36,7/18/2011 10:05,1.25,15845,United Kingdom
560359,22993,SET OF 4 PANTRY JELLY MOULDS,6,7/18/2011 11:47,1.25,14159,United Kingdom
560364,22993,SET OF 4 PANTRY JELLY MOULDS,12,7/18/2011 12:15,1.25,16705,United Kingdom
560368,22993,SET OF 4 PANTRY JELLY MOULDS,5,7/18/2011 12:25,1.25,17841,United Kingdom
560383,22993,SET OF 4 PANTRY JELLY MOULDS,12,7/18/2011 12:52,1.25,16762,United Kingdom
560433,22993,SET OF 4 PANTRY JELLY MOULDS,2,7/18/2011 15:49,2.46,,United Kingdom
560445,22993,SET OF 4 PANTRY JELLY MOULDS,72,7/19/2011 9:08,1.06,14156,EIRE
560504,22993,SET OF 4 PANTRY JELLY MOULDS,12,7/19/2011 11:47,1.25,13081,United Kingdom
560538,22993,SET OF 4 PANTRY JELLY MOULDS,12,7/19/2011 12:19,1.25,16128,United Kingdom
560604,22993,SET OF 4 PANTRY JELLY MOULDS,72,7/20/2011 9:23,1.06,15251,United Kingdom
560716,22993,SET OF 4 PANTRY JELLY MOULDS,12,7/20/2011 13:26,1.25,17675,United Kingdom
560727,22993,SET OF 4 PANTRY JELLY MOULDS,4,7/20/2011 14:33,1.25,13571,United Kingdom
560729,22993,SET OF 4 PANTRY JELLY MOULDS,72,7/20/2011 14:39,1.06,17511,United Kingdom
560773,22993,SET OF 4 PANTRY JELLY MOULDS,3,7/20/2011 16:17,2.46,,United Kingdom
560782,22993,SET OF 4 PANTRY JELLY MOULDS,12,7/21/2011 10:10,1.25,14769,United Kingdom
560833,22993,SET OF 4 PANTRY JELLY MOULDS,2,7/21/2011 12:14,1.25,16891,United Kingdom
560862,22993,SET OF 4 PANTRY JELLY MOULDS,4,7/21/2011 13:48,1.25,14085,United Kingdom
560868,22993,SET OF 4 PANTRY JELLY MOULDS,1,7/21/2011 14:14,1.25,14866,United Kingdom
560873,22993,SET OF 4 PANTRY JELLY MOULDS,72,7/21/2011 14:52,1.06,13881,United Kingdom
560924,22993,SET OF 4 PANTRY JELLY MOULDS,144,7/22/2011 9:01,1.06,15061,United Kingdom
560926,22993,SET OF 4 PANTRY JELLY MOULDS,2,7/22/2011 9:20,2.46,,United Kingdom
561071,22993,SET OF 4 PANTRY JELLY MOULDS,12,7/24/2011 15:39,1.25,14057,United Kingdom
561072,22993,SET OF 4 PANTRY JELLY MOULDS,12,7/24/2011 15:39,1.25,14019,United Kingdom
561077,22993,SET OF 4 PANTRY JELLY MOULDS,12,7/24/2011 15:53,1.25,17649,United Kingdom
561078,22993,SET OF 4 PANTRY JELLY MOULDS,12,7/24/2011 16:05,1.25,16178,United Kingdom
561099,22993,SET OF 4 PANTRY JELLY MOULDS,2,7/25/2011 11:01,1.25,14100,United Kingdom
561113,22993,SET OF 4 PANTRY JELLY MOULDS,4,7/25/2011 12:09,1.25,17841,United Kingdom
561209,22993,SET OF 4 PANTRY JELLY MOULDS,1,7/25/2011 16:57,2.46,,United Kingdom
561247,22993,SET OF 4 PANTRY JELLY MOULDS,12,7/26/2011 11:38,1.25,16592,United Kingdom
561393,22993,SET OF 4 PANTRY JELLY MOULDS,12,7/27/2011 10:10,1.25,18241,United Kingdom
561398,22993,SET OF 4 PANTRY JELLY MOULDS,72,7/27/2011 10:52,1.06,16767,United Kingdom
561473,22993,SET OF 4 PANTRY JELLY MOULDS,12,7/27/2011 13:17,1.25,15078,United Kingdom
561485,22993,SET OF 4 PANTRY JELLY MOULDS,2,7/27/2011 13:42,1.25,17841,United Kingdom
561512,22993,SET OF 4 PANTRY JELLY MOULDS,5,7/27/2011 15:09,1.25,14534,United Kingdom
561514,22993,SET OF 4 PANTRY JELLY MOULDS,12,7/27/2011 15:14,1.25,14331,United Kingdom
561515,22993,SET OF 4 PANTRY JELLY MOULDS,2,7/27/2011 15:16,2.46,,United Kingdom
561520,22993,SET OF 4 PANTRY JELLY MOULDS,2,7/27/2011 17:03,1.25,17870,United Kingdom
561532,22993,SET OF 4 PANTRY JELLY MOULDS,120,7/28/2011 9:30,1.06,15061,United Kingdom
561595,22993,SET OF 4 PANTRY JELLY MOULDS,12,7/28/2011 11:22,1.25,12853,United Kingdom
561600,22993,SET OF 4 PANTRY JELLY MOULDS,8,7/28/2011 11:29,1.25,15861,United Kingdom
561601,22993,SET OF 4 PANTRY JELLY MOULDS,12,7/28/2011 11:35,1.25,18151,United Kingdom
561616,22993,SET OF 4 PANTRY JELLY MOULDS,4,7/28/2011 13:02,1.25,15023,United Kingdom
561631,22993,SET OF 4 PANTRY JELLY MOULDS,12,7/28/2011 14:27,1.25,14911,EIRE
561712,22993,SET OF 4 PANTRY JELLY MOULDS,3,7/29/2011 11:49,1.25,14499,United Kingdom
561715,22993,SET OF 4 PANTRY JELLY MOULDS,12,7/29/2011 12:03,1.25,13102,United Kingdom
561773,22993,SET OF 4 PANTRY JELLY MOULDS,2,7/29/2011 12:41,1.25,17841,United Kingdom
561801,22993,SET OF 4 PANTRY JELLY MOULDS,12,7/29/2011 14:14,1.25,12981,United Kingdom
561873,22993,SET OF 4 PANTRY JELLY MOULDS,1,7/31/2011 11:48,1.25,13316,United Kingdom
561900,22993,SET OF 4 PANTRY JELLY MOULDS,4,7/31/2011 15:31,1.25,16655,United Kingdom
562011,22993,SET OF 4 PANTRY JELLY MOULDS,12,8/1/2011 13:54,1.25,16745,United Kingdom
562024,22993,SET OF 4 PANTRY JELLY MOULDS,2,8/1/2011 16:07,2.46,,United Kingdom
562042,22993,SET OF 4 PANTRY JELLY MOULDS,24,8/2/2011 10:19,1.25,13075,United Kingdom
562106,22993,SET OF 4 PANTRY JELLY MOULDS,1,8/2/2011 15:19,1.25,14076,United Kingdom
562113,22993,SET OF 4 PANTRY JELLY MOULDS,1,8/2/2011 16:11,2.46,,United Kingdom
562163,22993,SET OF 4 PANTRY JELLY MOULDS,12,8/3/2011 12:06,1.25,15628,United Kingdom
562213,22993,SET OF 4 PANTRY JELLY MOULDS,4,8/3/2011 13:39,1.25,13975,United Kingdom
562219,22993,SET OF 4 PANTRY JELLY MOULDS,12,8/3/2011 14:14,1.25,15089,United Kingdom
562283,22993,SET OF 4 PANTRY JELLY MOULDS,12,8/4/2011 10:43,1.25,15249,United Kingdom
562339,22993,SET OF 4 PANTRY JELLY MOULDS,4,8/4/2011 11:59,1.25,13571,United Kingdom
562345,22993,SET OF 4 PANTRY JELLY MOULDS,72,8/4/2011 12:14,1.06,13694,United Kingdom
562353,22993,SET OF 4 PANTRY JELLY MOULDS,12,8/4/2011 13:15,1.25,16180,United Kingdom
562370,22993,SET OF 4 PANTRY JELLY MOULDS,12,8/4/2011 14:20,1.25,12626,Germany
562371,22993,SET OF 4 PANTRY JELLY MOULDS,12,8/4/2011 14:30,1.25,13709,United Kingdom
562377,22993,SET OF 4 PANTRY JELLY MOULDS,2,8/4/2011 15:04,1.25,14535,United Kingdom
562418,22993,SET OF 4 PANTRY JELLY MOULDS,24,8/4/2011 16:34,1.25,16572,United Kingdom
562432,22993,SET OF 4 PANTRY JELLY MOULDS,24,8/4/2011 17:38,1.25,14004,United Kingdom
562517,22993,SET OF 4 PANTRY JELLY MOULDS,3,8/5/2011 12:27,1.25,15719,United Kingdom
562528,22993,SET OF 4 PANTRY JELLY MOULDS,12,8/5/2011 13:52,1.25,12610,Italy
562560,22993,SET OF 4 PANTRY JELLY MOULDS,4,8/5/2011 17:12,1.25,14156,EIRE
562576,22993,SET OF 4 PANTRY JELLY MOULDS,2,8/7/2011 13:08,1.25,15518,United Kingdom
562587,22993,SET OF 4 PANTRY JELLY MOULDS,12,8/7/2011 14:34,1.25,15640,United Kingdom
562603,22993,SET OF 4 PANTRY JELLY MOULDS,6,8/8/2011 10:40,1.25,17870,United Kingdom
562688,22993,SET OF 4 PANTRY JELLY MOULDS,4,8/8/2011 13:53,1.25,13869,United Kingdom
562712,22993,SET OF 4 PANTRY JELLY MOULDS,12,8/8/2011 15:00,1.25,13016,United Kingdom
562715,22993,SET OF 4 PANTRY JELLY MOULDS,1,8/8/2011 15:34,2.46,,United Kingdom
562784,22993,SET OF 4 PANTRY JELLY MOULDS,2,8/9/2011 13:22,1.25,16791,United Kingdom
562789,22993,SET OF 4 PANTRY JELLY MOULDS,72,8/9/2011 13:50,1.06,14646,Netherlands
562843,22993,SET OF 4 PANTRY JELLY MOULDS,2,8/9/2011 17:37,2.46,,United Kingdom
562933,22993,SET OF 4 PANTRY JELLY MOULDS,2,8/10/2011 16:51,2.46,,United Kingdom
562934,22993,SET OF 4 PANTRY JELLY MOULDS,1,8/10/2011 16:56,2.46,,United Kingdom
562955,22993,SET OF 4 PANTRY JELLY MOULDS,2,8/11/2011 10:14,3.29,,United Kingdom
563016,22993,SET OF 4 PANTRY JELLY MOULDS,12,8/11/2011 12:44,1.25,15358,United Kingdom
563021,22993,SET OF 4 PANTRY JELLY MOULDS,8,8/11/2011 13:25,1.25,18077,United Kingdom
563062,22993,SET OF 4 PANTRY JELLY MOULDS,2,8/11/2011 15:25,1.25,17811,United Kingdom
563093,22993,SET OF 4 PANTRY JELLY MOULDS,1,8/11/2011 17:28,2.46,,United Kingdom
563100,22993,SET OF 4 PANTRY JELLY MOULDS,12,8/12/2011 9:57,1.25,12381,Norway
563168,22993,SET OF 4 PANTRY JELLY MOULDS,12,8/12/2011 12:41,1.25,16045,United Kingdom
563169,22993,SET OF 4 PANTRY JELLY MOULDS,12,8/12/2011 12:42,1.25,14911,EIRE
563191,22993,SET OF 4 PANTRY JELLY MOULDS,12,8/12/2011 16:07,1.25,16678,United Kingdom
563195,22993,SET OF 4 PANTRY JELLY MOULDS,2,8/12/2011 16:36,2.46,,United Kingdom
563200,22993,SET OF 4 PANTRY JELLY MOULDS,1,8/14/2011 10:49,1.25,13838,United Kingdom
563213,22993,SET OF 4 PANTRY JELLY MOULDS,4,8/14/2011 12:55,1.25,16115,United Kingdom
563360,22993,SET OF 4 PANTRY JELLY MOULDS,3,8/15/2011 15:06,1.25,15023,United Kingdom
563377,22993,SET OF 4 PANTRY JELLY MOULDS,3,8/16/2011 10:44,1.25,15002,United Kingdom
563444,22993,SET OF 4 PANTRY JELLY MOULDS,2,8/16/2011 13:50,1.25,16033,United Kingdom
563451,22993,SET OF 4 PANTRY JELLY MOULDS,24,8/16/2011 14:34,1.25,18241,United Kingdom
563509,22993,SET OF 4 PANTRY JELLY MOULDS,12,8/17/2011 10:46,1.25,16092,United Kingdom
563538,22993,SET OF 4 PANTRY JELLY MOULDS,5,8/17/2011 11:48,1.25,17841,United Kingdom
563549,22993,SET OF 4 PANTRY JELLY MOULDS,1,8/17/2011 12:34,3.29,,United Kingdom
563555,22993,SET OF 4 PANTRY JELLY MOULDS,2,8/17/2011 13:21,1.25,16755,United Kingdom
563557,22993,SET OF 4 PANTRY JELLY MOULDS,12,8/17/2011 13:33,1.25,15786,United Kingdom
563590,22993,SET OF 4 PANTRY JELLY MOULDS,236,8/17/2011 20:02,1.43,17450,United Kingdom
563614,22993,SET OF 4 PANTRY JELLY MOULDS,72,8/18/2011 8:51,1.06,12415,Australia
563680,22993,SET OF 4 PANTRY JELLY MOULDS,12,8/18/2011 12:06,1.25,18272,United Kingdom
563699,22993,SET OF 4 PANTRY JELLY MOULDS,12,8/18/2011 13:47,1.25,13381,United Kingdom
563731,22993,SET OF 4 PANTRY JELLY MOULDS,2,8/18/2011 17:44,1.25,17576,United Kingdom
563744,22993,SET OF 4 PANTRY JELLY MOULDS,36,8/19/2011 9:35,1.25,13266,United Kingdom
563917,22993,SET OF 4 PANTRY JELLY MOULDS,2,8/21/2011 13:46,1.25,14572,United Kingdom
563917,22993,SET OF 4 PANTRY JELLY MOULDS,1,8/21/2011 13:46,1.25,14572,United Kingdom
563931,22993,SET OF 4 PANTRY JELLY MOULDS,12,8/21/2011 15:49,1.25,14895,United Kingdom
563944,22993,SET OF 4 PANTRY JELLY MOULDS,12,8/22/2011 10:08,1.25,17581,United Kingdom
563946,22993,SET OF 4 PANTRY JELLY MOULDS,12,8/22/2011 10:15,1.25,17527,United Kingdom
564017,22993,SET OF 4 PANTRY JELLY MOULDS,12,8/22/2011 11:44,1.25,14057,United Kingdom
564020,22993,SET OF 4 PANTRY JELLY MOULDS,12,8/22/2011 11:57,1.25,13971,United Kingdom
564147,22993,SET OF 4 PANTRY JELLY MOULDS,12,8/23/2011 12:21,1.25,14004,United Kingdom
564172,22993,SET OF 4 PANTRY JELLY MOULDS,12,8/23/2011 14:19,1.25,16033,United Kingdom
564181,22993,SET OF 4 PANTRY JELLY MOULDS,12,8/23/2011 14:53,1.25,13862,United Kingdom
564221,22993,SET OF 4 PANTRY JELLY MOULDS,1,8/24/2011 9:36,3.29,,United Kingdom
564342,22993,SET OF 4 PANTRY JELLY MOULDS,6,8/24/2011 14:53,1.25,16340,United Kingdom
564346,22993,SET OF 4 PANTRY JELLY MOULDS,12,8/24/2011 14:54,1.25,15727,United Kingdom
564359,22993,SET OF 4 PANTRY JELLY MOULDS,2,8/24/2011 16:02,1.25,14056,United Kingdom
564495,22993,SET OF 4 PANTRY JELLY MOULDS,12,8/25/2011 14:21,1.25,17719,United Kingdom
564496,22993,SET OF 4 PANTRY JELLY MOULDS,12,8/25/2011 14:21,1.25,13050,United Kingdom
564526,22993,SET OF 4 PANTRY JELLY MOULDS,12,8/25/2011 14:50,1.25,15805,United Kingdom
564534,22993,SET OF 4 PANTRY JELLY MOULDS,1,8/25/2011 15:09,1.25,12748,United Kingdom
564554,22993,SET OF 4 PANTRY JELLY MOULDS,4,8/25/2011 19:39,1.25,17189,United Kingdom
564555,22993,SET OF 4 PANTRY JELLY MOULDS,2,8/25/2011 19:45,1.25,12748,United Kingdom
564572,22993,SET OF 4 PANTRY JELLY MOULDS,12,8/26/2011 11:18,1.25,15078,United Kingdom
564660,22993,SET OF 4 PANTRY JELLY MOULDS,12,8/26/2011 14:45,1.25,15074,United Kingdom
564726,22993,SET OF 4 PANTRY JELLY MOULDS,4,8/28/2011 12:29,1.25,18077,United Kingdom
564734,22993,SET OF 4 PANTRY JELLY MOULDS,6,8/28/2011 13:32,1.25,12484,Spain
564745,22993,SET OF 4 PANTRY JELLY MOULDS,2,8/28/2011 15:27,1.25,16806,United Kingdom
564753,22993,SET OF 4 PANTRY JELLY MOULDS,12,8/30/2011 10:20,1.25,13709,United Kingdom
564754,22993,SET OF 4 PANTRY JELLY MOULDS,2,8/30/2011 10:29,2.46,,United Kingdom
564755,22993,SET OF 4 PANTRY JELLY MOULDS,2,8/30/2011 10:31,2.46,,United Kingdom
564757,22993,SET OF 4 PANTRY JELLY MOULDS,2,8/30/2011 10:36,2.46,,United Kingdom
564758,22993,SET OF 4 PANTRY JELLY MOULDS,1,8/30/2011 10:39,2.46,,United Kingdom
564760,22993,SET OF 4 PANTRY JELLY MOULDS,1,8/30/2011 10:47,2.46,,United Kingdom
564835,22993,SET OF 4 PANTRY JELLY MOULDS,1,8/30/2011 12:31,2.46,,United Kingdom
564838,22993,SET OF 4 PANTRY JELLY MOULDS,1,8/30/2011 12:43,2.46,,United Kingdom
564840,22993,SET OF 4 PANTRY JELLY MOULDS,1,8/30/2011 12:49,2.46,,United Kingdom
564849,22993,SET OF 4 PANTRY JELLY MOULDS,12,8/30/2011 15:42,1.25,17675,United Kingdom
564857,22993,SET OF 4 PANTRY JELLY MOULDS,1,8/31/2011 9:23,3.29,,United Kingdom
564976,22993,SET OF 4 PANTRY JELLY MOULDS,4,8/31/2011 15:49,1.25,17315,United Kingdom
565092,22993,SET OF 4 PANTRY JELLY MOULDS,12,9/1/2011 10:36,1.25,14092,United Kingdom
565129,22993,SET OF 4 PANTRY JELLY MOULDS,4,9/1/2011 12:41,1.25,15719,United Kingdom
565156,22993,SET OF 4 PANTRY JELLY MOULDS,12,9/1/2011 15:04,1.25,13045,United Kingdom
565234,22993,SET OF 4 PANTRY JELLY MOULDS,3,9/2/2011 9:38,2.46,,United Kingdom
565315,22993,SET OF 4 PANTRY JELLY MOULDS,72,9/2/2011 12:51,1.06,14019,United Kingdom
565396,22993,SET OF 4 PANTRY JELLY MOULDS,1,9/2/2011 16:39,2.46,,United Kingdom
565411,22993,SET OF 4 PANTRY JELLY MOULDS,6,9/4/2011 11:22,1.25,13772,United Kingdom
565437,22993,SET OF 4 PANTRY JELLY MOULDS,24,9/4/2011 13:48,1.25,17050,United Kingdom
565447,22993,SET OF 4 PANTRY JELLY MOULDS,12,9/4/2011 15:20,1.25,14107,United Kingdom
565456,22993,SET OF 4 PANTRY JELLY MOULDS,1,9/4/2011 16:12,1.25,16629,United Kingdom
565460,22993,SET OF 4 PANTRY JELLY MOULDS,48,9/5/2011 9:24,1.25,16843,United Kingdom
565467,22993,SET OF 4 PANTRY JELLY MOULDS,12,9/5/2011 9:49,1.25,14129,United Kingdom
565472,22993,SET OF 4 PANTRY JELLY MOULDS,3,9/5/2011 10:15,1.25,16255,United Kingdom
565475,22993,SET OF 4 PANTRY JELLY MOULDS,72,9/5/2011 10:47,1.06,14156,EIRE
565617,22993,SET OF 4 PANTRY JELLY MOULDS,5,9/5/2011 15:30,1.25,,United Kingdom
565649,22993,SET OF 4 PANTRY JELLY MOULDS,3,9/5/2011 16:27,1.25,16712,United Kingdom
565734,22993,SET OF 4 PANTRY JELLY MOULDS,8,9/6/2011 12:15,1.25,17191,United Kingdom
565766,22993,SET OF 4 PANTRY JELLY MOULDS,2,9/6/2011 14:23,1.25,17841,United Kingdom
565841,22993,SET OF 4 PANTRY JELLY MOULDS,3,9/7/2011 12:04,2.46,,United Kingdom
565847,22993,SET OF 4 PANTRY JELLY MOULDS,2,9/7/2011 12:44,3.29,,United Kingdom
565857,22993,SET OF 4 PANTRY JELLY MOULDS,12,9/7/2011 14:13,1.25,14911,EIRE
565917,22993,SET OF 4 PANTRY JELLY MOULDS,3,9/7/2011 16:15,2.46,,United Kingdom
565919,22993,SET OF 4 PANTRY JELLY MOULDS,1,9/7/2011 16:48,2.46,,United Kingdom
565971,22993,SET OF 4 PANTRY JELLY MOULDS,6,9/8/2011 11:27,1.25,13571,United Kingdom
566042,22993,SET OF 4 PANTRY JELLY MOULDS,2,9/8/2011 13:53,1.25,17811,United Kingdom
566052,22993,SET OF 4 PANTRY JELLY MOULDS,24,9/8/2011 14:53,1.25,13199,United Kingdom
566060,22993,SET OF 4 PANTRY JELLY MOULDS,1,9/8/2011 15:27,2.46,,United Kingdom
566081,22993,SET OF 4 PANTRY JELLY MOULDS,12,9/9/2011 10:09,1.25,16293,United Kingdom
566087,22993,SET OF 4 PANTRY JELLY MOULDS,12,9/9/2011 10:24,1.25,13319,United Kingdom
566193,22993,SET OF 4 PANTRY JELLY MOULDS,12,9/9/2011 13:37,1.25,14961,United Kingdom
566219,22993,SET OF 4 PANTRY JELLY MOULDS,12,9/9/2011 15:51,1.25,17426,United Kingdom
566271,22993,SET OF 4 PANTRY JELLY MOULDS,12,9/11/2011 13:44,1.25,14250,United Kingdom
566276,22993,SET OF 4 PANTRY JELLY MOULDS,12,9/11/2011 14:00,1.25,13450,United Kingdom
566281,22993,SET OF 4 PANTRY JELLY MOULDS,12,9/11/2011 14:15,1.25,12748,United Kingdom
566283,22993,SET OF 4 PANTRY JELLY MOULDS,6,9/11/2011 14:34,1.25,17838,United Kingdom
566283,22993,SET OF 4 PANTRY JELLY MOULDS,12,9/11/2011 14:34,1.25,17838,United Kingdom
566294,22993,SET OF 4 PANTRY JELLY MOULDS,3,9/11/2011 15:41,1.25,15533,United Kingdom
566296,22993,SET OF 4 PANTRY JELLY MOULDS,4,9/11/2011 15:47,1.25,17841,United Kingdom
566319,22993,SET OF 4 PANTRY JELLY MOULDS,12,9/12/2011 11:25,1.25,13431,United Kingdom
566393,22993,SET OF 4 PANTRY JELLY MOULDS,12,9/12/2011 12:45,1.25,13269,United Kingdom
566420,22993,SET OF 4 PANTRY JELLY MOULDS,3,9/12/2011 13:50,1.25,16360,United Kingdom
566441,22993,SET OF 4 PANTRY JELLY MOULDS,24,9/12/2011 15:23,1.25,17719,United Kingdom
566477,22993,SET OF 4 PANTRY JELLY MOULDS,12,9/13/2011 9:03,1.25,14359,United Kingdom
566557,22993,SET OF 4 PANTRY JELLY MOULDS,72,9/13/2011 11:47,1.06,14646,Netherlands
566561,22993,SET OF 4 PANTRY JELLY MOULDS,12,9/13/2011 12:13,1.25,18145,United Kingdom
566577,22993,SET OF 4 PANTRY JELLY MOULDS,1,9/13/2011 13:29,3.29,,United Kingdom
566597,22993,SET OF 4 PANTRY JELLY MOULDS,12,9/13/2011 15:23,1.25,14194,United Kingdom
566757,22993,SET OF 4 PANTRY JELLY MOULDS,1,9/14/2011 15:54,2.46,,United Kingdom
566867,22993,SET OF 4 PANTRY JELLY MOULDS,144,9/15/2011 12:56,1.06,13694,United Kingdom
566912,22993,SET OF 4 PANTRY JELLY MOULDS,12,9/15/2011 14:05,1.25,14367,United Kingdom
566932,22993,SET OF 4 PANTRY JELLY MOULDS,12,9/15/2011 15:29,1.25,17576,United Kingdom
566976,22993,SET OF 4 PANTRY JELLY MOULDS,12,9/16/2011 9:27,1.25,15382,United Kingdom
566981,22993,SET OF 4 PANTRY JELLY MOULDS,12,9/16/2011 10:02,1.25,15498,United Kingdom
567104,22993,SET OF 4 PANTRY JELLY MOULDS,12,9/16/2011 13:33,1.25,15975,United Kingdom
567153,22993,SET OF 4 PANTRY JELLY MOULDS,2,9/16/2011 16:25,1.25,14056,United Kingdom
567161,22993,SET OF 4 PANTRY JELLY MOULDS,24,9/18/2011 10:46,1.25,15947,United Kingdom
567170,22993,SET OF 4 PANTRY JELLY MOULDS,1,9/18/2011 12:40,1.25,13566,United Kingdom
567170,22993,SET OF 4 PANTRY JELLY MOULDS,1,9/18/2011 12:40,1.25,13566,United Kingdom
567170,22993,SET OF 4 PANTRY JELLY MOULDS,3,9/18/2011 12:40,1.25,13566,United Kingdom
567211,22993,SET OF 4 PANTRY JELLY MOULDS,3,9/19/2011 11:02,1.25,14159,United Kingdom
567288,22993,SET OF 4 PANTRY JELLY MOULDS,1,9/19/2011 11:49,1.25,16906,United Kingdom
567288,22993,SET OF 4 PANTRY JELLY MOULDS,1,9/19/2011 11:49,1.25,16906,United Kingdom
567339,22993,SET OF 4 PANTRY JELLY MOULDS,12,9/19/2011 15:01,1.25,14146,United Kingdom
567385,22993,SET OF 4 PANTRY JELLY MOULDS,72,9/20/2011 10:27,1.06,14866,United Kingdom
567475,22993,SET OF 4 PANTRY JELLY MOULDS,4,9/20/2011 13:11,1.25,16360,United Kingdom
567505,22993,SET OF 4 PANTRY JELLY MOULDS,12,9/20/2011 14:34,1.25,12352,Norway
567612,22993,SET OF 4 PANTRY JELLY MOULDS,12,9/21/2011 11:48,1.25,17164,United Kingdom
567656,22993,SET OF 4 PANTRY JELLY MOULDS,4,9/21/2011 14:40,2.46,14096,United Kingdom
567667,22993,SET OF 4 PANTRY JELLY MOULDS,8,9/21/2011 15:24,2.46,,United Kingdom
567700,22993,SET OF 4 PANTRY JELLY MOULDS,12,9/22/2011 9:33,1.25,16379,United Kingdom
567808,22993,SET OF 4 PANTRY JELLY MOULDS,2,9/22/2011 12:24,1.25,17027,United Kingdom
567809,22993,SET OF 4 PANTRY JELLY MOULDS,12,9/22/2011 12:29,1.25,13804,United Kingdom
567866,22993,SET OF 4 PANTRY JELLY MOULDS,4,9/22/2011 14:13,1.25,16669,United Kingdom
567899,22993,SET OF 4 PANTRY JELLY MOULDS,12,9/22/2011 16:26,1.25,14911,EIRE
568051,22993,SET OF 4 PANTRY JELLY MOULDS,12,9/23/2011 12:40,1.25,18189,United Kingdom
568135,22993,SET OF 4 PANTRY JELLY MOULDS,2,9/23/2011 17:04,2.46,,United Kingdom
568212,22993,SET OF 4 PANTRY JELLY MOULDS,1,9/25/2011 16:05,1.25,15154,United Kingdom
568222,22993,SET OF 4 PANTRY JELLY MOULDS,12,9/26/2011 10:06,1.25,16603,United Kingdom
568346,22993,SET OF 4 PANTRY JELLY MOULDS,1,9/26/2011 15:28,2.46,14096,United Kingdom
568491,22993,SET OF 4 PANTRY JELLY MOULDS,3,9/27/2011 11:58,1.25,15443,United Kingdom
568513,22993,SET OF 4 PANTRY JELLY MOULDS,24,9/27/2011 12:36,1.25,13555,United Kingdom
568536,22993,SET OF 4 PANTRY JELLY MOULDS,24,9/27/2011 14:01,1.06,15061,United Kingdom
568538,22993,SET OF 4 PANTRY JELLY MOULDS,48,9/27/2011 14:07,1.06,15061,United Kingdom
568553,22993,SET OF 4 PANTRY JELLY MOULDS,24,9/27/2011 15:17,1.25,15674,United Kingdom
568574,22993,SET OF 4 PANTRY JELLY MOULDS,12,9/28/2011 9:15,1.25,13862,United Kingdom
568576,22993,SET OF 4 PANTRY JELLY MOULDS,72,9/28/2011 9:40,1.06,17017,United Kingdom
568671,22993,SET OF 4 PANTRY JELLY MOULDS,12,9/28/2011 13:13,1.25,13139,United Kingdom
568676,22993,SET OF 4 PANTRY JELLY MOULDS,12,9/28/2011 13:43,1.25,18242,United Kingdom
568686,22993,SET OF 4 PANTRY JELLY MOULDS,4,9/28/2011 14:26,1.25,16115,United Kingdom
568703,22993,SET OF 4 PANTRY JELLY MOULDS,8,9/28/2011 15:21,1.25,12748,United Kingdom
568719,22993,SET OF 4 PANTRY JELLY MOULDS,2,9/28/2011 16:19,2.46,,United Kingdom
568721,22993,SET OF 4 PANTRY JELLY MOULDS,1,9/28/2011 16:24,2.46,,United Kingdom
568831,22993,SET OF 4 PANTRY JELLY MOULDS,4,9/29/2011 11:35,1.25,16059,United Kingdom
568876,22993,SET OF 4 PANTRY JELLY MOULDS,12,9/29/2011 12:24,1.25,13881,United Kingdom
568949,22993,SET OF 4 PANTRY JELLY MOULDS,1,9/29/2011 15:13,2.46,,United Kingdom
569202,22993,SET OF 4 PANTRY JELLY MOULDS,1,9/30/2011 17:22,2.46,,United Kingdom
569207,22993,SET OF 4 PANTRY JELLY MOULDS,2,10/2/2011 11:04,1.25,17811,United Kingdom
569222,22993,SET OF 4 PANTRY JELLY MOULDS,3,10/2/2011 13:46,1.25,15906,United Kingdom
569236,22993,SET OF 4 PANTRY JELLY MOULDS,1,10/2/2011 15:49,1.25,14432,United Kingdom
569246,22993,SET OF 4 PANTRY JELLY MOULDS,1,10/3/2011 9:57,2.46,14096,United Kingdom
569248,22993,SET OF 4 PANTRY JELLY MOULDS,12,10/3/2011 10:09,1.25,12886,United Kingdom
569254,22993,SET OF 4 PANTRY JELLY MOULDS,1,10/3/2011 11:00,1.25,18116,United Kingdom
569327,22993,SET OF 4 PANTRY JELLY MOULDS,12,10/3/2011 12:47,1.25,15091,United Kingdom
569371,22993,SET OF 4 PANTRY JELLY MOULDS,3,10/3/2011 15:52,1.25,14651,United Kingdom
569403,22993,SET OF 4 PANTRY JELLY MOULDS,12,10/4/2011 9:02,1.25,13319,United Kingdom
569469,22993,SET OF 4 PANTRY JELLY MOULDS,1,10/4/2011 12:22,1.25,16360,United Kingdom
569469,22993,SET OF 4 PANTRY JELLY MOULDS,4,10/4/2011 12:22,1.25,16360,United Kingdom
569491,22993,SET OF 4 PANTRY JELLY MOULDS,2,10/4/2011 13:25,1.25,14056,United Kingdom
569545,22993,SET OF 4 PANTRY JELLY MOULDS,1,10/4/2011 16:37,2.46,,United Kingdom
C569636,22993,SET OF 4 PANTRY JELLY MOULDS,-2,10/5/2011 12:14,1.25,12841,United Kingdom
C569655,22993,SET OF 4 PANTRY JELLY MOULDS,-3,10/5/2011 12:58,1.25,14534,United Kingdom
569686,22993,SET OF 4 PANTRY JELLY MOULDS,12,10/5/2011 14:50,1.25,12719,France
569834,22993,SET OF 4 PANTRY JELLY MOULDS,12,10/6/2011 13:00,1.25,14383,United Kingdom
569897,22993,SET OF 4 PANTRY JELLY MOULDS,1,10/6/2011 16:01,1.25,17813,United Kingdom
569898,22993,SET OF 4 PANTRY JELLY MOULDS,1,10/6/2011 16:08,2.46,,United Kingdom
569919,22993,SET OF 4 PANTRY JELLY MOULDS,12,10/6/2011 17:08,1.25,15300,United Kingdom
570016,22993,SET OF 4 PANTRY JELLY MOULDS,12,10/7/2011 10:06,1.25,14911,EIRE
570027,22993,SET OF 4 PANTRY JELLY MOULDS,12,10/7/2011 10:41,1.25,14844,United Kingdom
570082,22993,SET OF 4 PANTRY JELLY MOULDS,144,10/7/2011 11:19,1.06,12524,Germany
570103,22993,SET OF 4 PANTRY JELLY MOULDS,2,10/7/2011 12:18,1.25,15719,United Kingdom
570187,22993,SET OF 4 PANTRY JELLY MOULDS,1,10/7/2011 15:09,2.46,,United Kingdom
570210,22993,SET OF 4 PANTRY JELLY MOULDS,2,10/9/2011 10:48,1.25,13259,United Kingdom
570216,22993,SET OF 4 PANTRY JELLY MOULDS,8,10/9/2011 12:04,1.25,14595,United Kingdom
570236,22993,SET OF 4 PANTRY JELLY MOULDS,1,10/9/2011 14:45,1.25,,United Kingdom
570388,22993,SET OF 4 PANTRY JELLY MOULDS,12,10/10/2011 12:37,1.25,14911,EIRE
570458,22993,SET OF 4 PANTRY JELLY MOULDS,4,10/10/2011 15:39,1.25,14535,United Kingdom
570465,22993,SET OF 4 PANTRY JELLY MOULDS,2,10/10/2011 16:02,2.46,,United Kingdom
570466,22993,SET OF 4 PANTRY JELLY MOULDS,2,10/10/2011 16:03,1.25,16791,United Kingdom
570488,22993,SET OF 4 PANTRY JELLY MOULDS,2,10/10/2011 17:12,2.46,14096,United Kingdom
570517,22993,SET OF 4 PANTRY JELLY MOULDS,12,10/11/2011 10:41,1.25,13971,United Kingdom
570660,22993,SET OF 4 PANTRY JELLY MOULDS,48,10/11/2011 14:18,1.25,14866,United Kingdom
570690,22993,SET OF 4 PANTRY JELLY MOULDS,2,10/11/2011 16:37,2.46,,United Kingdom
570807,22993,SET OF 4 PANTRY JELLY MOULDS,12,10/12/2011 12:44,1.25,13704,United Kingdom
570818,22993,SET OF 4 PANTRY JELLY MOULDS,2,10/12/2011 12:47,1.25,17841,United Kingdom
571040,22993,SET OF 4 PANTRY JELLY MOULDS,4,10/13/2011 12:59,1.25,15272,United Kingdom
571241,22993,SET OF 4 PANTRY JELLY MOULDS,1,10/14/2011 14:58,1.25,14592,United Kingdom
571244,22993,SET OF 4 PANTRY JELLY MOULDS,2,10/14/2011 15:46,1.25,17180,United Kingdom
571273,22993,SET OF 4 PANTRY JELLY MOULDS,12,10/16/2011 12:21,1.25,13034,United Kingdom
571305,22993,SET OF 4 PANTRY JELLY MOULDS,2,10/17/2011 9:55,3.29,,United Kingdom
571441,22993,SET OF 4 PANTRY JELLY MOULDS,1,10/17/2011 13:31,2.46,14096,United Kingdom
571498,22993,SET OF 4 PANTRY JELLY MOULDS,7,10/17/2011 15:06,1.25,17841,United Kingdom
571500,22993,SET OF 4 PANTRY JELLY MOULDS,2,10/17/2011 15:09,1.25,,United Kingdom
571508,22993,SET OF 4 PANTRY JELLY MOULDS,2,10/17/2011 15:27,2.46,,United Kingdom
571670,22993,SET OF 4 PANTRY JELLY MOULDS,12,10/18/2011 13:12,1.25,12611,Italy
571712,22993,SET OF 4 PANTRY JELLY MOULDS,3,10/18/2011 16:46,1.25,14056,United Kingdom
571713,22993,SET OF 4 PANTRY JELLY MOULDS,1,10/18/2011 16:58,2.46,,United Kingdom
571716,22993,SET OF 4 PANTRY JELLY MOULDS,8,10/18/2011 17:05,1.25,,United Kingdom
571725,22993,SET OF 4 PANTRY JELLY MOULDS,12,10/19/2011 8:32,1.25,13491,United Kingdom
571745,22993,SET OF 4 PANTRY JELLY MOULDS,12,10/19/2011 10:48,1.25,14911,EIRE
571748,22993,SET OF 4 PANTRY JELLY MOULDS,8,10/19/2011 11:13,1.25,18077,United Kingdom
571779,22993,SET OF 4 PANTRY JELLY MOULDS,1,10/19/2011 11:27,1.25,12748,United Kingdom
571797,22993,SET OF 4 PANTRY JELLY MOULDS,1,10/19/2011 11:41,3.29,,United Kingdom
571828,22993,SET OF 4 PANTRY JELLY MOULDS,6,10/19/2011 11:52,1.25,16440,United Kingdom
571829,22993,SET OF 4 PANTRY JELLY MOULDS,12,10/19/2011 11:53,1.25,16131,United Kingdom
571909,22993,SET OF 4 PANTRY JELLY MOULDS,1,10/19/2011 15:08,1.25,15006,United Kingdom
572031,22993,SET OF 4 PANTRY JELLY MOULDS,72,10/20/2011 11:53,1.06,14866,United Kingdom
572139,22993,SET OF 4 PANTRY JELLY MOULDS,12,10/21/2011 10:19,1.25,18241,United Kingdom
572183,22993,SET OF 4 PANTRY JELLY MOULDS,24,10/21/2011 10:50,1.25,16153,United Kingdom
572218,22993,SET OF 4 PANTRY JELLY MOULDS,12,10/21/2011 13:13,1.25,16311,United Kingdom
572282,22993,SET OF 4 PANTRY JELLY MOULDS,2,10/23/2011 11:39,1.25,17634,United Kingdom
572294,22993,SET OF 4 PANTRY JELLY MOULDS,7,10/23/2011 13:10,1.25,13471,United Kingdom
572301,22993,SET OF 4 PANTRY JELLY MOULDS,1,10/23/2011 14:41,1.25,16794,United Kingdom
572306,22993,SET OF 4 PANTRY JELLY MOULDS,1,10/23/2011 15:11,1.25,17841,United Kingdom
572308,22993,SET OF 4 PANTRY JELLY MOULDS,1,10/23/2011 15:27,1.25,12748,United Kingdom
572310,22993,SET OF 4 PANTRY JELLY MOULDS,2,10/23/2011 15:30,1.25,12748,United Kingdom
572321,22993,SET OF 4 PANTRY JELLY MOULDS,12,10/24/2011 8:59,1.25,15592,United Kingdom
572475,22993,SET OF 4 PANTRY JELLY MOULDS,2,10/24/2011 13:37,1.25,15271,United Kingdom
572540,22993,SET OF 4 PANTRY JELLY MOULDS,2,10/24/2011 16:17,3.29,,United Kingdom
572550,22993,SET OF 4 PANTRY JELLY MOULDS,2,10/24/2011 17:06,2.46,,United Kingdom
572552,22993,SET OF 4 PANTRY JELLY MOULDS,4,10/24/2011 17:07,2.46,14096,United Kingdom
572553,22993,SET OF 4 PANTRY JELLY MOULDS,2,10/24/2011 17:09,2.46,,United Kingdom
572566,22993,SET OF 4 PANTRY JELLY MOULDS,12,10/25/2011 10:17,1.25,13050,United Kingdom
572568,22993,SET OF 4 PANTRY JELLY MOULDS,12,10/25/2011 10:31,1.25,14001,United Kingdom
572617,22993,SET OF 4 PANTRY JELLY MOULDS,12,10/25/2011 11:52,1.25,18272,United Kingdom
572653,22993,SET OF 4 PANTRY JELLY MOULDS,6,10/25/2011 12:12,1.25,15861,United Kingdom
572655,22993,SET OF 4 PANTRY JELLY MOULDS,12,10/25/2011 12:20,1.25,16708,United Kingdom
572662,22993,SET OF 4 PANTRY JELLY MOULDS,2,10/25/2011 12:54,1.25,15443,United Kingdom
572763,22993,SET OF 4 PANTRY JELLY MOULDS,12,10/26/2011 9:54,1.25,12812,Japan
572858,22993,SET OF 4 PANTRY JELLY MOULDS,4,10/26/2011 12:36,1.25,13571,United Kingdom
572897,22993,SET OF 4 PANTRY JELLY MOULDS,2,10/26/2011 14:42,3.29,,United Kingdom
572902,22993,SET OF 4 PANTRY JELLY MOULDS,36,10/26/2011 15:01,1.25,14866,United Kingdom
572909,22993,SET OF 4 PANTRY JELLY MOULDS,3,10/26/2011 15:48,1.25,15821,United Kingdom
573008,22993,SET OF 4 PANTRY JELLY MOULDS,2,10/27/2011 12:26,1.06,12901,United Kingdom
573069,22993,SET OF 4 PANTRY JELLY MOULDS,8,10/27/2011 13:58,1.25,18077,United Kingdom
573074,22993,SET OF 4 PANTRY JELLY MOULDS,12,10/27/2011 14:03,1.25,16265,United Kingdom
573096,22993,SET OF 4 PANTRY JELLY MOULDS,72,10/27/2011 14:40,1.06,14004,United Kingdom
573102,22993,SET OF 4 PANTRY JELLY MOULDS,12,10/27/2011 14:52,1.25,13266,United Kingdom
573144,22993,SET OF 4 PANTRY JELLY MOULDS,1,10/27/2011 17:57,1.25,18035,United Kingdom
573163,22993,SET OF 4 PANTRY JELLY MOULDS,24,10/28/2011 9:06,1.25,16843,United Kingdom
573272,22993,SET OF 4 PANTRY JELLY MOULDS,12,10/28/2011 13:02,1.25,13102,United Kingdom
573340,22993,SET OF 4 PANTRY JELLY MOULDS,4,10/30/2011 11:55,1.25,14159,United Kingdom
573343,22993,SET OF 4 PANTRY JELLY MOULDS,8,10/30/2011 11:59,1.25,13566,United Kingdom
573353,22993,SET OF 4 PANTRY JELLY MOULDS,4,10/30/2011 12:39,1.25,16115,United Kingdom
573452,22993,SET OF 4 PANTRY JELLY MOULDS,236,10/31/2011 10:45,1.43,17450,United Kingdom
573553,22993,SET OF 4 PANTRY JELLY MOULDS,1,10/31/2011 13:48,3.29,,United Kingdom
573576,22993,SET OF 4 PANTRY JELLY MOULDS,8,10/31/2011 14:09,2.46,14096,United Kingdom
573581,22993,SET OF 4 PANTRY JELLY MOULDS,12,10/31/2011 14:22,1.25,14911,EIRE
573584,22993,SET OF 4 PANTRY JELLY MOULDS,12,10/31/2011 14:36,1.25,16705,United Kingdom
573585,22993,SET OF 4 PANTRY JELLY MOULDS,3,10/31/2011 14:41,2.46,,United Kingdom
573876,22993,SET OF 4 PANTRY JELLY MOULDS,1,11/1/2011 12:48,1.25,16360,United Kingdom
573876,22993,SET OF 4 PANTRY JELLY MOULDS,4,11/1/2011 12:48,1.25,16360,United Kingdom
573889,22993,SET OF 4 PANTRY JELLY MOULDS,2,11/1/2011 13:44,1.25,13571,United Kingdom
573993,22993,SET OF 4 PANTRY JELLY MOULDS,12,11/2/2011 11:23,1.25,16790,United Kingdom
574020,22993,SET OF 4 PANTRY JELLY MOULDS,12,11/2/2011 12:15,1.25,14673,United Kingdom
574046,22993,SET OF 4 PANTRY JELLY MOULDS,2,11/2/2011 13:19,1.25,15743,United Kingdom
574074,22993,SET OF 4 PANTRY JELLY MOULDS,1,11/2/2011 15:33,2.46,,United Kingdom
574076,22993,SET OF 4 PANTRY JELLY MOULDS,2,11/2/2011 15:38,2.46,,United Kingdom
574092,22993,SET OF 4 PANTRY JELLY MOULDS,72,11/3/2011 9:28,1.06,16684,United Kingdom
574228,22993,SET OF 4 PANTRY JELLY MOULDS,12,11/3/2011 12:18,1.25,16678,United Kingdom
574251,22993,SET OF 4 PANTRY JELLY MOULDS,12,11/3/2011 13:22,1.25,18205,United Kingdom
574258,22993,SET OF 4 PANTRY JELLY MOULDS,1,11/3/2011 13:50,1.25,16891,United Kingdom
574298,22993,SET OF 4 PANTRY JELLY MOULDS,1,11/3/2011 15:56,2.46,,United Kingdom
574479,22993,SET OF 4 PANTRY JELLY MOULDS,1,11/4/2011 12:39,1.25,18035,United Kingdom
574479,22993,SET OF 4 PANTRY JELLY MOULDS,1,11/4/2011 12:39,1.25,18035,United Kingdom
574534,22993,SET OF 4 PANTRY JELLY MOULDS,72,11/4/2011 14:26,1.06,15061,United Kingdom
574545,22993,SET OF 4 PANTRY JELLY MOULDS,12,11/4/2011 14:54,1.25,17084,United Kingdom
574657,22993,SET OF 4 PANTRY JELLY MOULDS,1,11/6/2011 11:43,1.25,13772,United Kingdom
574657,22993,SET OF 4 PANTRY JELLY MOULDS,4,11/6/2011 11:43,1.25,13772,United Kingdom
574657,22993,SET OF 4 PANTRY JELLY MOULDS,3,11/6/2011 11:43,1.25,13772,United Kingdom
574677,22993,SET OF 4 PANTRY JELLY MOULDS,2,11/6/2011 12:32,1.25,16445,United Kingdom
574678,22993,SET OF 4 PANTRY JELLY MOULDS,12,11/6/2011 12:36,1.25,13365,United Kingdom
574679,22993,SET OF 4 PANTRY JELLY MOULDS,24,11/6/2011 12:38,1.25,12645,Germany
574696,22993,SET OF 4 PANTRY JELLY MOULDS,1,11/6/2011 13:40,1.25,13634,United Kingdom
574840,22993,SET OF 4 PANTRY JELLY MOULDS,1,11/7/2011 11:41,1.25,12748,United Kingdom
574941,22993,SET OF 4 PANTRY JELLY MOULDS,104,11/7/2011 17:42,2.95,,United Kingdom
574950,22993,SET OF 4 PANTRY JELLY MOULDS,3,11/8/2011 9:29,2.46,,United Kingdom
575040,22993,SET OF 4 PANTRY JELLY MOULDS,12,11/8/2011 11:58,1.25,13381,United Kingdom
575073,22993,SET OF 4 PANTRY JELLY MOULDS,3,11/8/2011 13:10,1.25,13975,United Kingdom
575138,22993,SET OF 4 PANTRY JELLY MOULDS,2,11/8/2011 15:24,3.29,,United Kingdom
575176,22993,SET OF 4 PANTRY JELLY MOULDS,3,11/8/2011 18:29,2.46,,United Kingdom
575177,22993,SET OF 4 PANTRY JELLY MOULDS,2,11/8/2011 18:41,2.46,,United Kingdom
575504,22993,SET OF 4 PANTRY JELLY MOULDS,12,11/10/2011 10:29,1.25,14895,United Kingdom
575586,22993,SET OF 4 PANTRY JELLY MOULDS,12,11/10/2011 12:00,1.25,12981,United Kingdom
575593,22993,SET OF 4 PANTRY JELLY MOULDS,12,11/10/2011 12:12,1.25,14226,United Kingdom
575607,22993,SET OF 4 PANTRY JELLY MOULDS,5,11/10/2011 12:37,2.46,14096,United Kingdom
575634,22993,SET OF 4 PANTRY JELLY MOULDS,12,11/10/2011 13:44,1.25,13266,United Kingdom
575639,22993,SET OF 4 PANTRY JELLY MOULDS,12,11/10/2011 13:49,1.25,15289,United Kingdom
575694,22993,SET OF 4 PANTRY JELLY MOULDS,1,11/10/2011 16:38,1.25,12748,United Kingdom
575698,22993,SET OF 4 PANTRY JELLY MOULDS,12,11/10/2011 16:51,1.25,16094,United Kingdom
575756,22993,SET OF 4 PANTRY JELLY MOULDS,6,11/11/2011 10:48,1.25,18118,United Kingdom
575856,22993,SET OF 4 PANTRY JELLY MOULDS,2,11/11/2011 12:28,1.25,16386,United Kingdom
575875,22993,SET OF 4 PANTRY JELLY MOULDS,4,11/11/2011 13:06,2.46,,United Kingdom
575930,22993,SET OF 4 PANTRY JELLY MOULDS,4,11/11/2011 17:58,2.46,,United Kingdom
575951,22993,SET OF 4 PANTRY JELLY MOULDS,24,11/13/2011 11:54,1.25,13450,United Kingdom
575960,22993,SET OF 4 PANTRY JELLY MOULDS,1,11/13/2011 12:28,1.25,15429,United Kingdom
575961,22993,SET OF 4 PANTRY JELLY MOULDS,2,11/13/2011 12:29,1.25,16794,United Kingdom
575972,22993,SET OF 4 PANTRY JELLY MOULDS,4,11/13/2011 13:01,1.25,14499,United Kingdom
575985,22993,SET OF 4 PANTRY JELLY MOULDS,2,11/13/2011 14:09,1.25,17841,United Kingdom
576051,22993,SET OF 4 PANTRY JELLY MOULDS,12,11/13/2011 14:45,1.25,14911,EIRE
576052,22993,SET OF 4 PANTRY JELLY MOULDS,1,11/13/2011 14:48,1.25,15787,United Kingdom
576052,22993,SET OF 4 PANTRY JELLY MOULDS,4,11/13/2011 14:48,1.25,15787,United Kingdom
576057,22993,SET OF 4 PANTRY JELLY MOULDS,10,11/13/2011 15:05,1.25,15861,United Kingdom
576076,22993,SET OF 4 PANTRY JELLY MOULDS,1,11/13/2011 16:18,1.25,14382,United Kingdom
576076,22993,SET OF 4 PANTRY JELLY MOULDS,2,11/13/2011 16:18,1.25,14382,United Kingdom
576088,22993,SET OF 4 PANTRY JELLY MOULDS,8,11/14/2011 8:41,1.48,17450,United Kingdom
576099,22993,SET OF 4 PANTRY JELLY MOULDS,12,11/14/2011 10:28,1.25,13021,United Kingdom
576329,22993,SET OF 4 PANTRY JELLY MOULDS,3,11/14/2011 15:22,2.46,,United Kingdom
576339,22993,SET OF 4 PANTRY JELLY MOULDS,2,11/14/2011 15:27,2.46,14096,United Kingdom
576355,22993,SET OF 4 PANTRY JELLY MOULDS,12,11/14/2011 16:28,1.25,13089,United Kingdom
576365,22993,SET OF 4 PANTRY JELLY MOULDS,140,11/14/2011 17:55,2.95,,United Kingdom
576378,22993,SET OF 4 PANTRY JELLY MOULDS,12,11/15/2011 9:15,1.25,15628,United Kingdom
576590,22993,SET OF 4 PANTRY JELLY MOULDS,12,11/15/2011 14:30,1.25,16240,United Kingdom
576592,22993,SET OF 4 PANTRY JELLY MOULDS,2,11/15/2011 14:47,1.25,13614,United Kingdom
576593,22993,SET OF 4 PANTRY JELLY MOULDS,4,11/15/2011 14:48,1.25,15720,United Kingdom
576617,22993,SET OF 4 PANTRY JELLY MOULDS,3,11/15/2011 16:57,2.46,,United Kingdom
576618,22993,SET OF 4 PANTRY JELLY MOULDS,1,11/15/2011 17:00,2.46,,United Kingdom
576644,22993,SET OF 4 PANTRY JELLY MOULDS,6,11/16/2011 10:01,3.29,,United Kingdom
576653,22993,SET OF 4 PANTRY JELLY MOULDS,72,11/16/2011 10:45,1.06,14156,EIRE
576655,22993,SET OF 4 PANTRY JELLY MOULDS,12,11/16/2011 10:55,1.25,15687,United Kingdom
576779,22993,SET OF 4 PANTRY JELLY MOULDS,12,11/16/2011 13:25,1.25,14554,United Kingdom
576837,22993,SET OF 4 PANTRY JELLY MOULDS,1,11/16/2011 15:16,2.46,,United Kingdom
576840,22993,SET OF 4 PANTRY JELLY MOULDS,3,11/16/2011 15:23,2.46,,United Kingdom
576932,22993,SET OF 4 PANTRY JELLY MOULDS,2,11/17/2011 11:12,1.25,15443,United Kingdom
577011,22993,SET OF 4 PANTRY JELLY MOULDS,24,11/17/2011 12:19,1.25,15657,United Kingdom
577078,22993,SET OF 4 PANTRY JELLY MOULDS,2,11/17/2011 15:17,2.46,,United Kingdom
577141,22993,SET OF 4 PANTRY JELLY MOULDS,12,11/18/2011 9:11,1.25,13269,United Kingdom
577174,22993,SET OF 4 PANTRY JELLY MOULDS,1,11/18/2011 10:58,1.25,17841,United Kingdom
577358,22993,SET OF 4 PANTRY JELLY MOULDS,2,11/18/2011 15:59,2.46,,United Kingdom
577485,22993,SET OF 4 PANTRY JELLY MOULDS,4,11/20/2011 11:56,1.25,16360,United Kingdom
577504,22993,SET OF 4 PANTRY JELLY MOULDS,3,11/20/2011 12:36,1.25,14159,United Kingdom
577531,22993,SET OF 4 PANTRY JELLY MOULDS,1,11/20/2011 13:58,3.29,,United Kingdom
577542,22993,SET OF 4 PANTRY JELLY MOULDS,2,11/20/2011 14:33,1.25,13565,United Kingdom
577554,22993,SET OF 4 PANTRY JELLY MOULDS,6,11/20/2011 15:35,1.25,15533,United Kingdom
577601,22993,SET OF 4 PANTRY JELLY MOULDS,24,11/21/2011 8:31,1.25,17675,United Kingdom
577633,22993,SET OF 4 PANTRY JELLY MOULDS,12,11/21/2011 10:35,1.25,14194,United Kingdom
577754,22993,SET OF 4 PANTRY JELLY MOULDS,72,11/21/2011 14:47,1.06,18139,United Kingdom
577783,22993,SET OF 4 PANTRY JELLY MOULDS,72,11/21/2011 16:20,1.06,18139,United Kingdom
577784,22993,SET OF 4 PANTRY JELLY MOULDS,12,11/21/2011 16:24,1.25,13862,United Kingdom
577833,22993,SET OF 4 PANTRY JELLY MOULDS,6,11/22/2011 10:20,1.25,17315,United Kingdom
577950,22993,SET OF 4 PANTRY JELLY MOULDS,24,11/22/2011 12:09,1.25,14129,United Kingdom
578008,22993,SET OF 4 PANTRY JELLY MOULDS,1,11/22/2011 12:47,1.25,14657,United Kingdom
578011,22993,SET OF 4 PANTRY JELLY MOULDS,12,11/22/2011 12:52,1.25,15150,United Kingdom
578067,22993,SET OF 4 PANTRY JELLY MOULDS,3,11/22/2011 15:43,2.46,,United Kingdom
578140,22993,SET OF 4 PANTRY JELLY MOULDS,72,11/23/2011 10:58,1.06,14646,Netherlands
578149,22993,SET OF 4 PANTRY JELLY MOULDS,3,11/23/2011 11:11,3.29,,United Kingdom
578270,22993,SET OF 4 PANTRY JELLY MOULDS,1,11/23/2011 13:39,2.46,14096,United Kingdom
578289,22993,SET OF 4 PANTRY JELLY MOULDS,1,11/23/2011 14:07,1.25,17841,United Kingdom
578323,22993,SET OF 4 PANTRY JELLY MOULDS,6,11/23/2011 17:19,1.25,15743,United Kingdom
578344,22993,SET OF 4 PANTRY JELLY MOULDS,3,11/24/2011 9:21,2.46,,United Kingdom
578347,22993,SET OF 4 PANTRY JELLY MOULDS,4,11/24/2011 9:26,2.46,,United Kingdom
578350,22993,SET OF 4 PANTRY JELLY MOULDS,12,11/24/2011 9:51,1.25,15632,United Kingdom
578356,22993,SET OF 4 PANTRY JELLY MOULDS,48,11/24/2011 10:14,1.25,14866,United Kingdom
578666,22993,SET OF 4 PANTRY JELLY MOULDS,12,11/24/2011 17:06,1.25,17727,United Kingdom
578757,22993,SET OF 4 PANTRY JELLY MOULDS,1,11/25/2011 11:41,1.25,12748,United Kingdom
578827,22993,SET OF 4 PANTRY JELLY MOULDS,1,11/25/2011 14:25,2.46,,United Kingdom
578833,22993,SET OF 4 PANTRY JELLY MOULDS,6,11/25/2011 15:23,3.29,,United Kingdom
578844,22993,SET OF 4 PANTRY JELLY MOULDS,1,11/25/2011 16:14,2.46,,United Kingdom
578922,22993,SET OF 4 PANTRY JELLY MOULDS,1,11/27/2011 12:00,1.25,17236,United Kingdom
578950,22993,SET OF 4 PANTRY JELLY MOULDS,1,11/27/2011 14:40,1.25,17885,United Kingdom
578994,22993,SET OF 4 PANTRY JELLY MOULDS,12,11/27/2011 15:44,1.25,14911,EIRE
578998,22993,SET OF 4 PANTRY JELLY MOULDS,1,11/27/2011 16:05,1.25,15436,United Kingdom
579106,22993,SET OF 4 PANTRY JELLY MOULDS,24,11/28/2011 11:42,1.25,16705,United Kingdom
579138,22993,SET OF 4 PANTRY JELLY MOULDS,12,11/28/2011 12:54,1.25,13590,United Kingdom
C579140,22993,SET OF 4 PANTRY JELLY MOULDS,-1,11/28/2011 13:05,1.25,16393,United Kingdom
579144,22993,SET OF 4 PANTRY JELLY MOULDS,12,11/28/2011 13:11,1.25,13269,United Kingdom
579152,22993,SET OF 4 PANTRY JELLY MOULDS,12,11/28/2011 13:26,1.25,12479,Germany
579162,22993,SET OF 4 PANTRY JELLY MOULDS,12,11/28/2011 13:58,1.25,16393,United Kingdom
579174,22993,SET OF 4 PANTRY JELLY MOULDS,24,11/28/2011 14:39,1.25,13266,United Kingdom
579177,22993,SET OF 4 PANTRY JELLY MOULDS,12,11/28/2011 14:53,1.25,13089,United Kingdom
579187,22993,SET OF 4 PANTRY JELLY MOULDS,1,11/28/2011 15:31,2.46,,United Kingdom
579196,22993,SET OF 4 PANTRY JELLY MOULDS,2,11/28/2011 15:54,2.46,14096,United Kingdom
579271,22993,SET OF 4 PANTRY JELLY MOULDS,56,11/29/2011 9:56,1.43,17450,United Kingdom
579283,22993,SET OF 4 PANTRY JELLY MOULDS,12,11/29/2011 10:45,1.25,13883,United Kingdom
579284,22993,SET OF 4 PANTRY JELLY MOULDS,72,11/29/2011 10:52,1.06,15061,United Kingdom
579297,22993,SET OF 4 PANTRY JELLY MOULDS,1,11/29/2011 11:23,3.29,,United Kingdom
579339,22993,SET OF 4 PANTRY JELLY MOULDS,36,11/29/2011 11:45,1.25,14866,United Kingdom
579411,22993,SET OF 4 PANTRY JELLY MOULDS,3,11/29/2011 12:46,1.25,16794,United Kingdom
579454,22993,SET OF 4 PANTRY JELLY MOULDS,3,11/29/2011 14:08,1.25,12901,United Kingdom
579471,22993,SET OF 4 PANTRY JELLY MOULDS,2,11/29/2011 15:08,3.29,,United Kingdom
579472,22993,SET OF 4 PANTRY JELLY MOULDS,1,11/29/2011 15:09,1.25,13521,United Kingdom
579472,22993,SET OF 4 PANTRY JELLY MOULDS,1,11/29/2011 15:09,1.25,13521,United Kingdom
579508,22993,SET OF 4 PANTRY JELLY MOULDS,1,11/29/2011 16:33,2.46,,United Kingdom
579510,22993,SET OF 4 PANTRY JELLY MOULDS,12,11/29/2011 16:44,1.25,14554,United Kingdom
579512,22993,SET OF 4 PANTRY JELLY MOULDS,2,11/29/2011 16:47,2.46,,United Kingdom
579561,22993,SET OF 4 PANTRY JELLY MOULDS,4,11/30/2011 11:32,1.25,16115,United Kingdom
579674,22993,SET OF 4 PANTRY JELLY MOULDS,12,11/30/2011 13:05,1.25,13012,United Kingdom
579694,22993,SET OF 4 PANTRY JELLY MOULDS,3,11/30/2011 14:11,3.29,,United Kingdom
579777,22993,SET OF 4 PANTRY JELLY MOULDS,3,11/30/2011 15:13,2.46,,United Kingdom
580064,22993,SET OF 4 PANTRY JELLY MOULDS,8,12/1/2011 13:32,1.25,18077,United Kingdom
580066,22993,SET OF 4 PANTRY JELLY MOULDS,12,12/1/2011 13:33,1.25,14309,United Kingdom
580115,22993,SET OF 4 PANTRY JELLY MOULDS,4,12/1/2011 16:22,2.46,,United Kingdom
580129,22993,SET OF 4 PANTRY JELLY MOULDS,12,12/1/2011 18:03,1.25,17426,United Kingdom
580134,22993,SET OF 4 PANTRY JELLY MOULDS,12,12/1/2011 19:24,1.25,13102,United Kingdom
580188,22993,SET OF 4 PANTRY JELLY MOULDS,8,12/2/2011 12:02,1.25,16440,United Kingdom
580305,22993,SET OF 4 PANTRY JELLY MOULDS,1,12/2/2011 14:26,1.25,12970,United Kingdom
580320,22993,SET OF 4 PANTRY JELLY MOULDS,12,12/2/2011 15:40,1.25,15078,United Kingdom
580367,22993,SET OF 4 PANTRY JELLY MOULDS,9,12/2/2011 16:39,2.46,,United Kingdom
580396,22993,SET OF 4 PANTRY JELLY MOULDS,1,12/4/2011 11:00,1.25,13838,United Kingdom
580396,22993,SET OF 4 PANTRY JELLY MOULDS,2,12/4/2011 11:00,1.25,13838,United Kingdom
580399,22993,SET OF 4 PANTRY JELLY MOULDS,2,12/4/2011 11:45,1.25,13471,United Kingdom
580511,22993,SET OF 4 PANTRY JELLY MOULDS,12,12/4/2011 13:54,1.25,12560,Germany
580610,22993,SET OF 4 PANTRY JELLY MOULDS,1,12/5/2011 11:48,3.29,,United Kingdom
580612,22993,SET OF 4 PANTRY JELLY MOULDS,1,12/5/2011 11:58,3.29,,United Kingdom
580632,22993,SET OF 4 PANTRY JELLY MOULDS,5,12/5/2011 12:16,1.25,16360,United Kingdom
580660,22993,SET OF 4 PANTRY JELLY MOULDS,12,12/5/2011 13:49,1.25,16592,United Kingdom
580665,22993,SET OF 4 PANTRY JELLY MOULDS,72,12/5/2011 14:06,1.06,16684,United Kingdom
580687,22993,SET OF 4 PANTRY JELLY MOULDS,12,12/5/2011 15:38,1.25,16379,United Kingdom
580689,22993,SET OF 4 PANTRY JELLY MOULDS,12,12/5/2011 15:43,1.25,12994,United Kingdom
C580698,22993,SET OF 4 PANTRY JELLY MOULDS,-12,12/5/2011 16:12,1.25,17426,United Kingdom
580727,22993,SET OF 4 PANTRY JELLY MOULDS,6,12/5/2011 17:17,2.46,14096,United Kingdom
580730,22993,SET OF 4 PANTRY JELLY MOULDS,3,12/5/2011 17:28,2.46,,United Kingdom
580750,22993,SET OF 4 PANTRY JELLY MOULDS,12,12/6/2011 9:56,1.25,12749,United Kingdom
580873,22993,SET OF 4 PANTRY JELLY MOULDS,144,12/6/2011 12:06,1.06,15061,United Kingdom
580983,22993,SET OF 4 PANTRY JELLY MOULDS,1,12/6/2011 16:26,2.46,,United Kingdom
581013,22993,SET OF 4 PANTRY JELLY MOULDS,24,12/7/2011 9:32,1.25,17017,United Kingdom
581023,22993,SET OF 4 PANTRY JELLY MOULDS,1,12/7/2011 10:35,3.29,,United Kingdom
581112,22993,SET OF 4 PANTRY JELLY MOULDS,12,12/7/2011 12:17,1.25,16678,United Kingdom
581126,22993,SET OF 4 PANTRY JELLY MOULDS,12,12/7/2011 12:43,1.25,18272,United Kingdom
581217,22993,SET OF 4 PANTRY JELLY MOULDS,2,12/8/2011 9:20,2.46,,United Kingdom
581219,22993,SET OF 4 PANTRY JELLY MOULDS,4,12/8/2011 9:28,2.46,,United Kingdom
581238,22993,SET OF 4 PANTRY JELLY MOULDS,1,12/8/2011 10:53,3.29,,United Kingdom
581285,22993,SET OF 4 PANTRY JELLY MOULDS,12,12/8/2011 11:36,1.25,13394,United Kingdom
581334,22993,SET OF 4 PANTRY JELLY MOULDS,12,12/8/2011 12:07,1.25,17841,United Kingdom
581405,22993,SET OF 4 PANTRY JELLY MOULDS,2,12/8/2011 13:50,1.25,13521,United Kingdom
581415,22993,SET OF 4 PANTRY JELLY MOULDS,12,12/8/2011 14:53,1.25,13269,United Kingdom
581439,22993,SET OF 4 PANTRY JELLY MOULDS,1,12/8/2011 16:30,2.46,,United Kingdom
581450,22993,SET OF 4 PANTRY JELLY MOULDS,2,12/8/2011 17:54,1.25,16794,United Kingdom
581492,22993,SET OF 4 PANTRY JELLY MOULDS,3,12/9/2011 10:03,2.46,,United Kingdom
581498,22993,SET OF 4 PANTRY JELLY MOULDS,2,12/9/2011 10:26,3.29,,United Kingdom
581578,22993,SET OF 4 PANTRY JELLY MOULDS,12,12/9/2011 12:16,1.25,12713,Germany
581579,22993,SET OF 4 PANTRY JELLY MOULDS,12,12/9/2011 12:19,1.25,17581,United Kingdom
